sensor,mean_abs_shap
sensor_59,0.14305162788951548
sensor_290,0.05128346328899466
sensor_287,0.051143525388776326
sensor_103,0.039916545318926085
sensor_95,0.039493529944752595
sensor_21,0.03579153462853532
sensor_117,0.023546059224206627
sensor_0,0.02331247706443725
sensor_571,0.015411039704462223
sensor_473,0.015383039359838752
sensor_138,0.014180916773926775
sensor_225,0.014002357782895231
sensor_285,0.012799834648380047
sensor_71,0.01083842211229605
sensor_100,0.0099618796153229
sensor_406,0.007677958225296651
sensor_70,0.0067736417111691595
