sensor,stability_score,avg_importance,source
sensor_21,0.4,0.0493988462226947,stability_ranking
sensor_0,0.4,0.0382578624083737,stability_ranking
sensor_285,0.4,0.0245295910809284,stability_ranking
sensor_225,0.4,0.0074697668400642,stability_ranking
sensor_290,0.2,0.0989123398184781,stability_ranking
sensor_71,0.2,0.0816039211273627,stability_ranking
sensor_59,0.2,0.0814862245124961,stability_ranking
sensor_571,0.2,0.0758012766630903,stability_ranking
sensor_103,0.2,0.0724147345914694,stability_ranking
sensor_406,0.2,0.0714081139432949,stability_ranking
sensor_70,0.2,0.0683357419622352,stability_ranking
sensor_138,0.2,0.0671503253750613,stability_ranking
sensor_473,0.2,0.0656622293276422,stability_ranking
sensor_287,0.2,0.0607322071725943,stability_ranking
sensor_117,0.2,0.0553216417903739,stability_ranking
sensor_100,0.2,0.0033089961888827,tripwire_whitelist
sensor_95,0.0,0.0,tripwire_whitelist
