Bin,Count,Count (%),Non-event,Event,Event rate,WoE,IV,JS,sensor
"(-inf, -2.94)",179,0.14285714285714285,172,7,0.03910614525139665,0.6061580795022858,0.0406447749134929,0.005004216962844735,sensor_59
"[-2.94, 0.56)",349,0.2785315243415802,346,3,0.008595988538681949,2.152400238133761,0.5644846901215529,0.059476605541059345,sensor_59
"[0.56, 4.97)",397,0.31683958499600956,376,21,0.05289672544080604,0.2896404574106177,0.023487139475362677,0.002925672925797339,sensor_59
"[4.97, 8.08)",86,0.06863527533918595,76,10,0.11627906976744186,-0.5672780009635687,0.028229129442086064,0.0034820757546366564,sensor_59
"[8.08, inf)",242,0.1931364724660814,196,46,0.19008264462809918,-1.1459529855144317,0.4132760002963268,0.04900631650178017,sensor_59
Special,0,0.0,0,0,0.0,0.0,0.0,0.0,sensor_59
Missing,0,0.0,0,0,0.0,0.0,0.0,0.0,sensor_59
,1253,1.0,1166,87,0.06943335993615324,,1.0701217342488214,0.11989488768611825,sensor_59
"(-inf, 0.06)",192,0.15323224261771748,180,12,0.0625,0.11262395284635618,0.0018518636595071262,0.0002313606947392131,sensor_290
"[0.06, 0.09)",492,0.39265762170790103,472,20,0.04065040650406504,0.5658204637757107,0.0989720067549556,0.01220906603486143,sensor_290
"[0.09, 0.10)",126,0.1005586592178771,124,2,0.015873015873015872,1.5317081367892378,0.12768009310433343,0.014562603810381264,sensor_290
"[0.10, 0.12)",136,0.10853950518754989,125,11,0.08088235294117647,-0.1650077837519235,0.0031735394225271877,0.00039624299916856363,sensor_290
"[0.12, inf)",307,0.24501197126895452,265,42,0.13680781758957655,-0.753366040553,0.19247439594065682,0.023506007646304894,sensor_290
Special,0,0.0,0,0,0.0,0.0,0.0,0.0,sensor_290
Missing,0,0.0,0,0,0.0,0.0,0.0,0.0,sensor_290
,1253,1.0,1166,87,0.06943335993615324,,0.4241518988819801,0.05090528118545537,sensor_290
"(-inf, 0.14)",607,0.48443735035913804,571,36,0.05930807248764415,0.16844402294404626,0.012787478763156284,0.001596547813305111,sensor_287
"[0.14, 0.16)",186,0.1484437350359138,180,6,0.03225806451612903,0.8057711334063016,0.06881963190623405,0.008377035265999144,sensor_287
"[0.16, 0.18)",68,0.05426975259377494,67,1,0.014705882352941176,1.6092663711351118,0.07397339453680948,0.008362515756000104,sensor_287
"[0.18, 0.21)",63,0.05027932960893855,61,2,0.031746031746031744,0.8223004353575121,0.024115689706320838,0.002932302850858364,sensor_287
"[0.21, inf)",329,0.26256983240223464,287,42,0.1276595744680851,-0.6736136507796009,0.15938909386312153,0.01955529482034516,sensor_287
Special,0,0.0,0,0,0.0,0.0,0.0,0.0,sensor_287
Missing,0,0.0,0,0,0.0,0.0,0.0,0.0,sensor_287
,1253,1.0,1166,87,0.06943335993615324,,0.33908528877564215,0.040823696506507884,sensor_287
"(-inf, -0.01)",101,0.08060654429369513,93,8,0.07920792079207921,-0.1422682967824338,0.0017348424037368216,0.00021667260162006345,sensor_103
"[-0.01, -0.01)",286,0.22825219473264166,280,6,0.02097902097902098,1.2476038856853409,0.21355448306461086,0.02508748996704648,sensor_103
"[-0.01, -0.01)",434,0.3463687150837989,413,21,0.04838709677419355,0.3834989069817558,0.04326753209130532,0.005375540528507538,sensor_103
"[-0.01, -0.01)",238,0.18994413407821228,215,23,0.09663865546218488,-0.36028243605734067,0.0288142130846514,0.0035824220684569363,sensor_103
"[-0.01, inf)",194,0.15482841181165202,165,29,0.14948453608247422,-0.8567766043417473,0.1643502291347377,0.01993761780037997,sensor_103
Special,0,0.0,0,0,0.0,0.0,0.0,0.0,sensor_103
Missing,0,0.0,0,0,0.0,0.0,0.0,0.0,sensor_103
,1253,1.0,1166,87,0.06943335993615324,,0.4517212997790421,0.05419974296601098,sensor_103
"(-inf, -0.00)",103,0.08220271348762968,98,5,0.04854368932038835,0.3801033179806179,0.010101915826538759,0.0012551923559241075,sensor_95
"[-0.00, 0.00)",547,0.43655227454110135,516,31,0.056672760511883,0.21669331274056258,0.01868259412500699,0.0023307659048289256,sensor_95
"[0.00, 0.00)",379,0.3024740622505986,354,25,0.06596306068601583,0.05499484000971977,0.0008934316785554165,0.00011166488838612685,sensor_95
"[0.00, inf)",224,0.1787709497206704,198,26,0.11607142857142858,-0.5652557555828008,0.07294018099582882,0.008998046845357429,sensor_95
Special,0,0.0,0,0,0.0,0.0,0.0,0.0,sensor_95
Missing,0,0.0,0,0,0.0,0.0,0.0,0.0,sensor_95
,1253,1.0,1166,87,0.06943335993615324,,0.10261812262592998,0.012695669994496589,sensor_95
