sensor_21,sensor_0,sensor_285,sensor_225,sensor_290,sensor_71,sensor_59,sensor_571,sensor_103,sensor_406,sensor_70,sensor_138,sensor_473,sensor_287,sensor_117,sensor_100,sensor_95,labels,timestamp,batch_id
-5345.25,3028.08,1.4729,1009.5005,0.0671,106.374,2.9282,2.085,-0.0086,9.5119,621.9336,46.0999,40.1832,0.2194,55.9011,0.0003,0.0,0,2008-10-02 20:54:00,4
-5469.5,2988.41,2.0156,2146.5,0.0907,185.958,3.8882,2.113,-0.009,9.5119,620.04,46.0999,89.3754,0.2368,56.5307,0.0005,0.0002,1,2008-10-02 21:32:00,4
-5867.5,2970.86,1.9716,1194.9004,0.0671,91.6907,-3.5727,2.085,-0.0082,9.5119,633.5082,57.3,54.1728,0.0937,58.9241,0.0004,0.0001,0,2008-10-02 21:33:00,4
-5326.5,2914.04,1.3409,846.6001,0.0863,183.2095,0.1627,0.9802,-0.0093,7.2796,625.8164,51.0999,38.9671,0.154,59.2585,0.0,0.0002,0,2008-10-02 22:23:00,4
-5224.25,2889.78,1.2528,764.8003,0.1084,220.1348,1.7909,2.0071,-0.0097,9.5119,640.1427,73.2,93.7993,0.2261,59.4253,-0.0001,0.0001,0,2008-10-02 22:33:00,4
-5432.0,3190.78,2.94,1597.5005,0.109,124.6452,0.67,1.3198,-0.0119,9.7599,623.6309,55.9001,18.5722,0.0923,59.1841,-0.0001,0.0001,0,2008-10-02 23:32:00,4
-5719.0,3133.75,2.3411,1376.0996,0.0856,109.7815,-2.4818,2.085,-0.0091,9.5119,618.1809,46.0999,33.4937,0.0862,58.8897,0.0003,0.0001,0,2008-10-02 23:32:00,4
-5242.75,2953.63,2.1989,1246.6997,0.109,116.6005,1.7273,1.3216,-0.0124,9.7599,624.05,55.9001,30.7015,0.0895,59.4499,-0.0003,0.0,0,2008-10-03 00:24:00,4
-5603.75,3182.87,3.1073,840.7998,0.0618,118.152,1.8609,2.0657,-0.0092,7.2796,620.7164,53.2,82.9148,0.2412,59.305,0.0003,0.0,0,2008-10-03 00:55:00,4
-5294.5,2982.67,1.2387,458.2998,0.0742,102.5629,2.5055,1.0912,-0.0077,9.5119,626.9182,54.7,67.3353,0.2376,59.2558,0.0001,0.0,0,2008-10-03 02:41:00,4
-5575.0,2983.73,2.1891,1548.7002,0.08,96.3215,1.9764,1.9611,-0.0138,7.2796,620.9536,53.2,60.4761,0.1211,58.9062,-0.0004,0.0001,0,2008-10-03 03:52:00,4
-5544.0,3110.08,2.0644,1107.5996,0.1284,95.2699,3.3064,1.9567,-0.0084,6.5818,623.2618,54.9001,24.6801,0.1106,58.9476,0.0001,0.0001,0,2008-10-03 03:56:00,4
-5224.5,3028.4,2.7959,644.2002,0.0608,101.1742,-2.1009,1.8915,-0.0064,6.5818,620.5782,54.7,45.6995,0.2076,58.1609,0.0007,0.0001,0,2008-10-03 04:49:00,4
-5307.75,2987.39,1.1907,1880.2002,0.1084,211.9558,0.7864,2.0396,-0.0084,6.5818,639.29,46.0999,70.9912,0.0895,59.3716,0.0005,0.0001,0,2008-10-03 05:01:00,4
-5663.5,3225.54,4.3327,1466.2998,0.0797,135.0126,0.9573,2.113,-0.0093,9.5119,606.72,73.2,46.7895,0.0843,58.4191,0.0002,0.0001,0,2008-10-03 05:45:00,4
-5542.75,3033.78,1.119,1605.9004,0.0742,101.7309,0.2236,2.22,-0.008,9.5119,619.3036,51.0999,54.914,0.252,58.2492,0.0005,0.0,0,2008-10-03 06:15:00,4
-5709.75,3036.15,2.5667,1417.6001,0.0947,97.166,3.4845,1.9812,-0.013,6.9553,621.0973,54.9001,37.1773,0.1199,58.5242,-0.0002,0.0,0,2008-10-03 08:35:00,4
-5834.75,3062.36,1.1572,1511.1001,0.0863,103.8524,-0.1891,2.22,-0.011,9.2412,624.0073,46.0999,40.8141,0.0738,58.6896,0.0002,0.0001,0,2008-10-03 09:30:00,4
-5477.0,3024.55,1.2729,755.2002,0.116,124.5128,-5.55,1.8034,-0.0078,9.2412,613.5473,70.7,22.7006,0.0692,58.0735,0.0004,0.0,0,2008-10-03 11:40:00,4
-5241.5,2831.18,1.683,917.4004,0.0596,101.9635,0.7955,2.0359,-0.0065,10.3794,623.7427,57.0999,51.8108,0.1072,58.2822,0.0007,0.0,0,2008-10-03 12:31:00,4
-5095.0,3043.08,1.3592,1545.8994,0.0966,99.3058,1.5036,2.0841,-0.0136,8.6196,622.6336,50.5999,22.2206,0.163,58.282,-0.0004,0.0001,0,2008-10-03 18:45:00,4
-5356.25,3021.37,0.8909,1352.2998,0.084,100.0215,-0.3445,1.866,-0.0125,8.6196,624.2064,78.5999,51.316,0.1123,58.8938,-0.0002,0.0,0,2008-10-03 19:23:00,4
-5270.0,3040.17,2.3155,564.8994,0.0626,93.6623,-7.1427,2.0329,-0.0108,8.6196,632.8627,50.5999,46.5318,0.1711,58.5196,0.0,0.0,0,2008-10-03 19:23:00,4
-5247.5,2999.28,3.3937,836.7002,0.0966,101.1965,-4.72,2.0329,-0.0116,8.6196,632.1709,78.5999,46.7638,0.1168,58.734,-0.0001,0.0001,0,2008-10-03 20:11:00,4
-5445.25,3092.74,1.7075,1312.8999,0.0966,96.8586,0.9427,2.0329,-0.0114,8.6196,636.2818,50.5999,54.0476,0.1961,58.5876,0.0,0.0,0,2008-10-03 20:26:00,4
-5461.0,3083.67,1.1798,723.2002,0.1138,93.437,1.8782,1.9611,-0.0051,6.5818,625.6055,52.8,56.0098,0.0908,58.6,0.0006,0.0002,0,2008-10-03 20:35:00,4
-5422.25,2983.17,0.815,885.3994,0.0856,87.2396,-3.3427,1.9733,-0.0112,10.3794,621.1345,54.9001,117.8954,0.0816,58.3727,0.0004,0.0001,0,2008-10-03 20:46:00,4
-5294.5,3057.69,2.7449,571.7002,0.0608,103.1155,0.6855,1.0744,-0.0059,10.3794,622.54,55.1001,47.2183,0.1666,58.7837,0.0005,0.0002,0,2008-10-03 21:15:00,4
-5264.5,2961.37,0.9184,512.4004,0.0858,212.8519,-3.6036,2.0396,-0.0102,11.238,634.9482,55.3,41.8156,0.1364,59.0703,0.0005,0.0,0,2008-10-03 21:52:00,4
-5612.25,2927.71,1.6664,1098.1997,0.0618,100.9489,1.1991,2.0359,-0.0084,10.3794,623.9273,46.5,38.4556,0.1594,56.8895,0.0004,0.0001,0,2008-10-03 22:08:00,4
-5407.25,2865.0,1.2769,1001.5005,0.0671,103.7975,1.5882,1.9313,-0.0097,6.9553,622.6782,47.2998,50.2395,0.1413,58.9044,0.0001,0.0002,0,2008-10-03 22:53:00,4
-5517.75,3050.96,2.7038,1516.4004,0.0762,110.4187,-6.0636,2.22,-0.0079,7.8861,618.9518,54.5,62.7694,0.1587,58.4738,0.0004,0.0002,0,2008-10-03 23:46:00,4
-5767.75,2999.19,1.7909,1660.0,0.0548,111.4965,2.5855,1.9743,-0.0086,6.9553,622.76,57.0999,69.4247,0.1019,58.898,0.0002,0.0,0,2008-10-04 00:58:00,4
-5733.0,3040.48,1.7632,762.2998,0.1753,109.6638,-1.8809,1.9363,-0.0082,7.8861,622.54,55.0,15.8129,0.1808,58.382,0.0005,0.0,0,2008-10-04 01:49:00,4
-5454.0,3007.39,1.9602,1239.7002,0.0966,96.0579,-3.7773,2.0841,-0.0112,8.03,620.0609,50.5999,14.5097,0.1235,58.2992,-0.0004,0.0001,0,2008-10-04 02:36:00,4
-5320.5,3018.78,1.6461,1107.0996,0.0966,94.5532,-2.1464,2.0841,-0.0137,6.6398,615.6464,46.7,26.957,0.0952,58.8469,-0.0003,0.0,0,2008-10-04 03:53:00,4
-5802.25,2939.94,3.9638,1056.7002,0.0773,202.2698,0.8045,2.0071,-0.0096,7.8861,639.7155,55.3,90.6465,0.1635,59.0791,0.0003,0.0002,0,2008-10-04 04:12:00,4
-5241.0,2971.13,1.5046,1211.4004,0.0966,106.6469,-1.3618,2.0329,-0.0106,6.6398,619.3227,46.7,16.0099,0.1043,58.4774,0.0003,0.0001,0,2008-10-04 04:45:00,4
-5529.25,2889.7,1.0797,781.7002,0.0966,194.3035,-3.1382,1.866,-0.0125,6.6398,619.0355,46.7,14.2621,0.1043,58.6019,-0.0001,0.0002,0,2008-10-04 09:29:00,4
-5390.0,3202.9,2.2096,1195.2002,0.0679,73.627,0.3245,2.0396,-0.0092,6.9553,618.9009,55.3,59.2108,0.1358,58.5453,-0.0007,0.0001,0,2008-10-04 15:16:00,4
-5400.0,3154.54,2.1945,1353.7998,0.0702,91.6903,-9.7682,2.0396,-0.0115,6.9553,636.1564,55.3,31.443,0.1426,58.9029,0.0004,0.0,0,2008-10-04 16:58:00,4
-5400.25,3020.7,1.9608,435.5,0.0679,171.9542,2.6991,2.0581,-0.011,10.3794,624.1291,55.1001,74.736,0.1098,58.7298,0.0002,0.0002,0,2008-10-04 18:15:00,4
-5194.75,3089.26,1.2123,615.5,0.089,86.7113,-3.7073,2.0142,-0.0095,8.03,622.2127,50.5999,27.0381,0.1739,58.5713,0.0,0.0001,0,2008-10-04 18:25:00,4
-5371.5,2951.06,2.3461,1415.7002,0.0671,107.8561,-2.6564,2.085,-0.0083,11.238,624.47,62.5999,35.9281,0.1598,58.8339,0.0003,-0.0001,0,2008-10-04 18:59:00,4
-4992.75,3006.75,1.7219,898.5996,0.116,100.0697,-7.87,1.1073,-0.0086,6.9553,613.0664,54.5,21.7438,0.1391,58.0649,0.0006,0.0001,0,2008-10-04 19:12:00,4
-5526.5,3054.01,2.942,744.7998,0.1753,90.5876,-1.99,1.9313,-0.0093,8.03,616.7591,78.5999,67.2578,0.118,61.0155,0.0003,0.0,0,2008-10-04 19:47:00,4
-5295.25,2982.27,1.7992,1171.3994,0.0856,101.2391,-5.8855,2.0142,-0.009,9.2412,621.4527,55.1001,29.8623,0.0964,58.957,0.0005,0.0002,0,2008-10-04 19:54:00,4
-5426.0,2851.68,2.3697,668.5,0.0922,106.816,4.3618,2.1207,-0.017,10.3794,626.1973,53.2,75.7121,0.1487,58.9632,-0.0007,0.0001,0,2008-10-04 20:39:00,4
-5186.25,2870.13,1.9102,433.6992,0.0901,110.8814,-7.6655,1.9812,-0.0148,6.6398,617.9236,78.5999,33.4352,0.15,59.8266,-0.0006,0.0001,0,2008-10-04 22:06:00,4
-5389.5,3054.34,1.844,1388.0,0.0922,102.7818,1.1655,2.027,-0.0117,10.3794,615.6564,53.2,82.4018,0.1426,58.5606,-0.0003,0.0001,1,2008-10-04 23:18:00,4
-5233.75,2848.46,1.5529,1924.6001,0.0662,108.6893,8.1455,1.974,-0.0114,9.2412,608.3682,46.3999,149.1411,0.0834,53.6104,0.0003,0.0,1,2008-10-05 00:33:00,4
-5633.5,3014.42,1.077,1220.9004,0.116,98.5783,1.6482,1.0744,-0.0077,8.03,623.3355,121.1001,58.0869,0.1476,58.0221,0.0001,0.0,0,2008-10-05 00:33:00,4
-5619.5,3011.77,2.0068,941.0996,0.0902,114.4845,-1.4227,2.22,-0.0087,9.2412,624.05,73.2,36.8767,0.176,58.8951,0.0002,0.0,0,2008-10-05 01:35:00,4
-5357.5,2941.26,1.5488,2142.5996,0.1284,70.0977,0.0955,0.9847,-0.0091,10.0424,624.6227,78.5999,35.7707,0.095,58.688,0.0005,0.0001,0,2008-10-05 04:01:00,4
-5070.75,3045.07,2.9635,1160.1001,2.4894,111.5662,7.1009,1.9363,-0.0089,7.8861,616.3273,55.3,117.6827,0.2566,57.0103,0.0006,0.0002,0,2008-10-05 04:20:00,4
-5421.75,3282.87,1.0092,668.0,0.084,111.6015,1.5273,1.3216,-0.0132,6.1021,629.3464,63.3,52.4016,0.1236,57.8852,-0.0001,0.0001,0,2008-10-05 04:48:00,4
-5311.25,3014.85,1.1082,1589.7002,0.1284,125.0069,1.8582,2.113,-0.0093,10.0424,605.5527,63.3,42.4434,0.0986,58.7855,0.0006,0.0002,0,2008-10-05 05:31:00,4
-5207.25,2918.56,2.7761,1677.2002,0.0881,74.6335,0.2336,1.3198,-0.0117,6.1021,623.9527,63.3,32.6818,0.1228,60.326,-0.0001,0.0001,0,2008-10-05 05:53:00,4
-5594.5,2908.11,5.3939,1909.5,0.06,204.7133,1.0482,2.0071,-0.0101,7.8861,624.63,54.2,55.3509,0.183,59.3797,-0.0003,0.0,0,2008-10-05 06:15:00,4
-5349.25,2986.79,2.6812,1532.7002,0.1017,119.0066,-1.03,1.866,-0.013,6.1021,633.1882,63.3,40.2282,0.1434,57.1368,-0.0002,0.0001,0,2008-10-05 08:02:00,4
-5337.75,3339.93,0.9401,919.5005,0.0856,70.0625,-1.0445,2.085,-0.0131,6.1021,617.2209,63.3,72.3228,0.1324,58.3888,-0.0001,0.0001,0,2008-10-05 08:40:00,4
-5424.5,3038.53,0.9357,1466.1997,2.4894,93.9269,0.5982,1.9363,-0.0105,6.1021,622.4309,55.6001,21.8536,0.158,57.9648,0.0001,0.0001,0,2008-10-05 09:04:00,4
-5092.25,2942.21,1.2436,472.3994,0.0657,190.1821,0.4264,1.8126,-0.0104,9.2722,622.9073,54.6001,70.3497,0.13,60.1457,-0.0001,0.0001,0,2008-10-05 09:47:00,4
-5440.5,2974.65,1.13,505.7002,0.1227,99.8579,1.3255,1.9812,-0.0123,9.2722,626.2636,54.6001,43.7494,0.1172,57.5303,-0.0002,0.0001,0,2008-10-05 10:00:00,4
-5412.75,2992.34,1.7601,1135.8994,0.0858,112.018,-3.4191,2.22,-0.0095,8.03,620.5091,57.3,48.6355,0.1003,59.2586,0.0005,0.0002,0,2008-10-05 10:43:00,4
-5731.25,3212.7,2.0516,753.5,0.0657,91.6657,0.1773,1.9812,-0.0126,9.2722,624.8955,54.6001,39.3488,0.1262,61.1607,-0.0001,0.0001,0,2008-10-05 11:05:00,4
-5200.25,2912.24,0.6496,1103.6997,2.4894,103.9445,-1.7336,1.9363,-0.0098,11.238,619.5527,55.3,23.2819,0.1374,58.9212,0.0001,0.0,0,2008-10-05 11:30:00,4
-5415.25,2990.66,1.7001,1114.1001,0.0665,112.7016,-6.74,1.9313,-0.0084,8.03,640.7609,87.4001,39.3792,0.1501,57.7747,0.0004,0.0,0,2008-10-05 12:03:00,4
-5156.5,2907.65,1.4698,1037.0,0.0856,117.4848,-3.1927,2.0421,-0.0088,8.03,627.2173,54.2,32.2515,0.1048,58.1448,0.0004,0.0001,0,2008-10-05 12:17:00,4
-5419.75,2965.41,2.077,651.2998,0.0702,202.4137,2.7927,0.9847,-0.0091,9.2722,626.7445,54.6001,22.4905,0.1437,58.3601,0.0,0.0,0,2008-10-05 13:49:00,4
-5470.0,3023.56,2.1967,1798.4004,0.1227,100.7465,3.64,0.9847,-0.0127,9.2722,620.0009,55.6001,38.9364,0.1283,57.9829,0.0,0.0,0,2008-10-05 14:34:00,4
-5645.0,3224.1,2.1464,1508.3003,0.0679,109.7801,1.0691,2.2418,-0.0084,9.7599,606.9809,54.9001,20.6541,0.1868,58.9246,0.0001,0.0002,1,2008-10-05 15:30:00,4
-5399.75,3193.53,2.1666,1143.3008,0.0596,98.2763,-1.8736,2.0359,-0.0074,7.2796,621.8764,53.2,50.5631,0.1514,59.1915,0.0006,0.0,1,2008-10-05 15:35:00,4
-5280.25,3033.52,1.6379,1096.8994,0.1284,62.5505,5.7309,0.9847,-0.0086,8.6074,626.9282,55.3,62.3726,0.0954,58.8003,0.0001,0.0002,0,2008-10-05 16:15:00,4
-4921.0,3188.42,4.9737,478.5,0.121,63.4445,-4.0527,2.0359,-0.0079,8.6196,615.8764,54.2,31.2646,0.1152,59.0551,0.0002,0.0001,1,2008-10-05 16:37:00,4
-5554.25,3177.96,1.7172,1213.6997,0.0608,100.6795,-2.5418,1.109,-0.0055,7.2796,622.4209,53.2,15.0831,0.0859,58.5875,0.0006,0.0001,1,2008-10-05 16:49:00,4
-5284.0,3266.55,2.2089,1494.5,0.0902,85.6243,-6.6455,2.0359,-0.0105,9.7076,619.3336,73.2,42.2961,0.2873,57.9432,0.0001,0.0,1,2008-10-05 18:46:00,4
-5396.75,2996.01,1.6629,706.0996,0.1753,130.7781,1.0518,1.9363,-0.0119,9.2722,617.1791,55.6001,18.9992,0.1652,58.5511,-0.0001,0.0,0,2008-10-05 18:59:00,4
-5048.5,3001.56,1.3326,2571.6997,2.4894,71.3024,-0.81,0.9847,-0.0096,7.3505,618.2573,72.8999,23.8827,0.1673,57.9451,0.0001,0.0001,0,2008-10-05 19:45:00,4
-5489.75,3045.48,0.9653,499.0996,0.1284,102.3208,-5.1491,2.0396,-0.0089,7.3505,639.8009,72.8999,38.6893,0.1708,58.7188,0.0004,0.0001,0,2008-10-05 20:12:00,4
-5673.5,2971.75,1.7461,1466.7002,0.0657,113.2055,6.2636,1.3737,-0.0109,7.3505,629.5382,58.0,31.595,0.1632,57.9514,0.001,0.0006,0,2008-10-05 20:30:00,4
-5652.0,2983.98,1.535,1148.7002,0.0596,162.1945,-4.8873,2.22,-0.0098,7.3505,625.4264,55.8999,20.2112,0.1781,58.7734,0.0002,0.0,0,2008-10-05 22:13:00,4
-5467.75,3039.64,1.3133,620.0,0.0724,64.4174,-2.15,1.866,-0.0123,7.0615,630.7955,72.8999,27.1783,0.1466,57.7467,0.0,0.0,0,2008-10-06 00:41:00,4
-5377.0,2908.47,1.0282,748.1997,0.5149,97.4935,-1.97,2.0329,-0.0111,5.2708,617.6791,72.8999,25.5803,0.2289,59.6505,0.0,0.0001,0,2008-10-06 01:25:00,4
-5311.0,2915.54,1.9698,1430.1997,0.0657,126.3015,0.7,1.3216,-0.0102,7.0615,622.0664,54.6001,44.4041,0.1457,58.5588,0.0,0.0,0,2008-10-06 01:27:00,4
-5425.5,2997.45,1.8057,587.4004,0.08,110.7069,-2.7136,1.866,-0.0129,7.3505,628.8655,58.0,32.5795,0.1649,58.3573,-0.0004,0.0,0,2008-10-06 01:30:00,4
-5439.25,2990.85,1.62,623.5996,0.0947,69.6719,-5.2427,1.8126,-0.0118,7.0615,633.76,72.8999,51.4208,0.1256,58.5736,0.0001,0.0001,0,2008-10-06 02:44:00,4
-5361.75,3029.98,1.0193,1237.0996,0.0901,97.7963,-2.8055,1.9812,-0.0113,7.0615,621.0336,58.0,69.0186,0.1392,58.6735,0.0001,-0.0001,0,2008-10-06 02:49:00,4
-5506.5,3033.51,1.1841,833.5,0.1207,69.9665,-4.6582,2.1206,-0.0123,7.0615,633.5745,50.5,53.0858,0.1905,56.3186,-0.0001,0.0,0,2008-10-06 03:31:00,4
-5475.5,3034.5,1.0439,809.7002,0.0673,111.3653,-1.1455,2.113,-0.0106,10.0424,615.1636,48.6001,38.1642,0.0669,57.8802,0.0003,0.0,1,2008-10-06 03:50:00,4
-5486.5,3058.46,2.0952,780.5996,0.0596,184.1429,3.1336,1.1073,-0.0062,10.3794,626.5918,62.5999,55.4358,0.1782,58.1642,0.0003,-0.0001,1,2008-10-06 03:57:00,4
-5546.0,2964.69,1.4138,1710.1001,0.1753,158.4831,3.6809,1.8126,-0.0115,5.2708,624.7473,55.8999,67.7121,0.239,60.9507,0.0001,0.0001,0,2008-10-06 04:26:00,4
-5285.0,2909.43,1.3045,630.5,0.0723,101.8615,5.17,2.0841,-0.0114,7.0615,629.0127,72.8999,62.3061,0.1071,57.6087,0.0,0.0,0,2008-10-06 05:21:00,4
-5312.75,3014.42,1.318,571.2002,0.0702,214.1869,-1.2955,2.0396,-0.0099,7.0615,637.5445,55.8999,72.8794,0.161,57.0184,0.0002,0.0,0,2008-10-06 05:24:00,4
-5260.25,2997.84,1.1376,1188.8999,0.0657,81.9605,3.8109,1.3198,-0.0102,7.0615,625.2818,72.8999,39.9652,0.1576,61.0652,0.0,0.0,0,2008-10-06 06:11:00,4
-5445.25,2873.83,1.5286,1436.0,0.0901,71.9551,2.0509,1.8126,-0.0114,7.0615,620.1955,72.8999,24.4581,0.1568,60.2727,0.0001,0.0,0,2008-10-06 06:26:00,4
-5431.75,3001.74,3.3418,1436.5996,0.08,100.0184,0.6327,1.866,-0.0107,9.9513,623.1273,50.5,37.6408,0.1963,58.2571,0.0001,0.0,0,2008-10-06 06:49:00,4
-5483.0,3057.49,1.3085,1501.2002,0.1244,105.1525,1.7036,2.068,-0.0115,9.9513,625.9391,50.5,29.0222,0.2174,57.0841,0.0001,0.0001,0,2008-10-06 07:12:00,4
-5149.0,2910.77,1.3744,778.2002,0.08,83.3412,-1.7818,1.866,-0.0119,5.2708,621.3927,55.8999,38.2888,0.2181,58.5543,0.0,0.0001,0,2008-10-06 07:17:00,4
-5398.75,2985.31,2.6742,448.5996,0.1207,67.0895,-2.2373,2.068,-0.0125,9.9513,617.4955,52.5,21.6753,0.1693,60.0188,0.0,0.0001,0,2008-10-06 07:35:00,4
-5238.0,3020.62,1.5139,1157.5,0.08,98.2503,-4.9627,1.866,-0.0117,5.2708,632.5664,58.0,27.9216,0.2205,58.2179,-0.0001,0.0,0,2008-10-06 07:38:00,4
-5305.25,3019.44,1.5975,1075.0996,0.093,71.0981,-2.0327,2.1206,-0.0124,8.0883,633.9309,63.3999,47.7472,0.0909,56.6758,-0.0005,0.0002,0,2008-10-06 08:24:00,4
-5516.5,3185.63,1.0069,961.8994,0.079,155.8355,-1.8709,1.9626,-0.0114,7.6851,613.3409,52.5,17.4204,0.1259,57.8803,0.0001,0.0001,0,2008-10-06 08:57:00,4
-5206.0,3029.94,4.2215,831.2002,0.1753,91.6673,3.7555,0.9847,-0.0117,5.2708,621.0782,58.0,54.6029,0.1786,57.5861,0.0001,0.0,0,2008-10-06 09:11:00,4
-4977.5,3117.3,1.8353,1410.7002,0.0901,91.211,-4.8609,1.9363,-0.0115,8.5044,618.7664,55.8999,18.1007,0.2238,61.2474,-0.0001,0.0,0,2008-10-06 09:57:00,4
-5404.5,3084.17,1.0281,2006.2002,0.0702,220.5295,-0.1145,2.0396,-0.01,7.6851,639.9518,63.3999,59.1612,0.1162,56.959,0.0001,0.0001,0,2008-10-06 10:07:00,4
-5241.0,3005.9,2.1581,895.5996,0.1207,164.9788,-3.9255,2.0329,-0.0118,9.9513,612.7745,63.3999,50.0304,0.2471,59.9415,0.0,0.0001,0,2008-10-06 11:51:00,4
-5393.5,3024.48,2.6044,795.9004,0.0734,145.243,-3.54,2.1206,-0.0111,9.9513,625.4127,50.5,43.4155,0.2296,58.0393,0.0001,0.0001,0,2008-10-06 12:39:00,4
-5422.75,2981.72,1.5281,1546.1997,0.093,202.4391,-5.68,2.068,-0.0113,7.6851,631.8055,50.5,32.905,0.1317,57.9296,0.0002,0.0002,0,2008-10-06 12:42:00,4
-5130.75,3001.9,1.1868,967.2998,0.0724,134.3145,2.4209,1.866,-0.0122,7.6851,629.5309,72.8999,45.2242,0.1062,57.96,-0.0005,0.0001,0,2008-10-06 13:08:00,4
-5392.25,3016.46,2.0717,848.5996,0.0671,66.9801,-0.3136,1.9733,-0.011,14.1621,627.6455,47.1001,41.7946,0.1416,58.6557,0.0001,0.0001,1,2008-10-06 13:38:00,4
-5390.0,3163.86,2.8225,1411.2998,0.116,93.1805,-0.0345,1.0744,-0.0064,6.5818,611.75,73.2,47.3183,0.2521,58.5854,0.0003,0.0,1,2008-10-06 13:55:00,4
-5274.25,2988.39,1.5042,1239.8008,0.0947,112.6149,-1.2164,1.9812,-0.0108,7.0615,621.8773,58.0,78.8071,0.1368,57.2403,0.0002,0.0001,1,2008-10-06 15:00:00,4
-5043.5,3013.32,3.1616,715.2002,0.0724,70.9354,1.8109,2.0737,-0.0128,10.4498,623.5491,63.3999,43.4876,0.1742,56.7229,-0.0001,0.0001,0,2008-10-06 15:01:00,4
-5547.5,2886.03,2.8941,948.3008,0.0939,203.129,1.2109,2.032,-0.0097,10.4498,621.6509,63.3999,31.4011,0.1579,58.7296,0.0,0.0001,0,2008-10-06 15:52:00,4
-5294.5,2916.12,2.0751,1175.3994,0.109,115.7535,-2.5945,1.9753,-0.0121,10.4498,619.3,63.3999,17.7919,0.1016,52.8068,0.0001,0.0001,0,2008-10-06 16:42:00,4
-5259.25,3103.67,2.1562,643.2002,0.0881,100.5655,-2.91,1.9812,-0.0126,10.4498,620.8,48.9001,57.5731,0.1761,58.3356,-0.0002,0.0002,0,2008-10-06 16:50:00,4
-5573.75,2979.93,2.652,967.2998,0.093,110.5898,-3.6345,2.068,-0.0109,10.4498,612.6927,60.8999,23.6518,0.1776,60.1012,0.0,0.0001,0,2008-10-06 17:26:00,4
-5395.5,3222.84,2.073,840.5996,0.08,102.6043,-3.2436,1.866,-0.0099,5.8125,631.6264,50.5,35.6227,0.1476,57.5174,0.0001,0.0001,0,2008-10-06 17:26:00,4
-5487.0,2881.1,4.8931,567.0,0.1207,105.5327,-3.9927,1.9626,-0.0106,5.8125,615.0727,52.5,20.1728,0.2088,57.9035,0.0004,0.0001,0,2008-10-06 17:35:00,4
-5364.75,2945.78,0.9734,985.2002,0.0901,93.3388,-2.3618,1.9812,-0.0144,5.8125,623.9545,48.9001,18.6031,0.1173,57.9071,-0.0002,0.0,0,2008-10-06 18:54:00,4
-5464.5,2996.28,2.3803,819.1006,2.4894,70.0825,4.7282,0.9847,-0.01,10.4498,634.0127,55.8999,81.5226,0.1035,58.0124,0.0001,0.0001,0,2008-10-06 18:55:00,4
-5362.5,3062.34,1.5849,2600.5996,0.1244,102.4885,-3.1964,2.068,-0.0073,5.8125,623.2873,48.9001,18.0632,0.2138,58.0625,0.0004,0.0,0,2008-10-06 19:42:00,4
-5378.0,3028.38,1.8292,1275.8994,0.0976,97.9123,-1.5036,2.0329,-0.0117,5.8125,621.4045,52.5,31.111,0.1501,59.4692,-0.0004,0.0,0,2008-10-06 20:02:00,4
-5339.75,3017.35,4.2885,1362.2998,0.0657,102.4368,8.9964,1.9812,-0.0124,7.7758,629.6236,72.8999,74.3391,0.1037,57.5345,0.0001,0.0,0,2008-10-06 20:36:00,4
-5492.75,3013.79,1.6112,570.0,0.1284,119.1349,-0.4109,2.0396,-0.0109,7.7758,630.4555,58.0,33.0706,0.1412,57.9211,0.0003,0.0002,0,2008-10-06 20:47:00,4
-5342.0,3043.32,3.3407,984.6006,0.0657,98.0639,-6.5027,1.9363,-0.012,7.7758,619.2464,58.0,48.9384,0.141,60.3325,0.0005,0.0002,0,2008-10-06 21:46:00,4
-5656.75,3093.31,1.0962,967.2998,0.3743,93.0711,-3.7673,1.9602,-0.0112,5.8125,625.4718,50.5,35.7635,0.0993,57.9781,-0.0001,0.0001,0,2008-10-06 21:48:00,4
-5522.0,2862.69,2.0916,1224.7998,0.08,90.8083,3.3691,1.3198,-0.0111,7.7758,622.3745,60.8999,39.8655,0.1989,59.4554,0.0,0.0,0,2008-10-06 22:37:00,4
-5302.75,3097.89,1.4171,2052.5,0.1207,76.4146,1.3355,2.068,-0.0111,5.8125,621.8627,57.8999,35.8969,0.1129,55.8306,-0.0001,0.0001,0,2008-10-06 23:03:00,4
-5482.75,2875.39,0.6588,1563.6006,0.1207,161.6911,-3.4327,2.1206,-0.0122,7.7758,627.3545,46.7,59.0627,0.1093,55.0164,-0.0003,0.0,0,2008-10-07 01:46:00,4
-6496.75,3060.16,1.8049,805.0996,0.3743,104.2461,-3.8691,2.1429,-0.0082,5.8125,632.2891,56.8,39.7585,0.1175,58.3051,0.0002,0.0,0,2008-10-07 03:29:00,4
-5519.25,2975.87,3.2506,1337.6006,0.1753,175.1677,4.9336,1.9363,-0.0099,7.7758,622.4309,58.0,62.1916,0.1328,58.5351,0.0,0.0,0,2008-10-07 03:39:00,4
-5414.25,2955.82,2.98,983.2998,0.1753,101.5785,1.1891,0.9847,-0.008,5.8125,623.8545,63.3999,55.0744,0.1229,59.3973,0.0001,0.0001,0,2008-10-07 07:32:00,4
-6553.5,2994.64,1.3285,750.3008,0.058,98.2701,-2.3109,2.2909,-0.0124,6.6306,627.8827,46.5999,36.4396,0.1773,61.0082,-0.0005,0.0,0,2008-10-07 07:41:00,4
-5711.75,3053.36,1.7503,578.7002,0.1244,102.287,-3.0645,2.068,-0.0115,6.6306,623.3645,62.1001,17.8629,0.1727,57.8399,0.0,0.0,0,2008-10-07 08:25:00,4
-5477.0,2871.59,1.271,535.4004,0.059,109.4107,-1.99,2.1429,-0.0084,6.1121,636.9027,51.0,37.4716,0.0899,60.8325,0.0006,0.0,0,2008-10-07 08:26:00,4
-5694.25,3001.71,1.6562,967.2998,0.3743,97.1104,3.1727,2.0133,-0.0085,6.6306,643.4145,69.3999,53.96,0.176,58.0533,0.0001,0.0001,0,2008-10-07 09:11:00,4
-5946.25,3042.43,2.0144,967.2998,0.1352,209.4001,1.8318,2.0075,-0.0117,6.1121,632.7845,51.0,57.2429,0.103,58.585,-0.0001,0.0001,0,2008-10-07 09:20:00,4
-5540.0,3001.81,1.891,967.2998,0.0656,224.9621,-4.9191,2.0133,-0.0105,6.1121,635.9918,51.0,30.4987,0.101,57.9331,0.0,0.0001,0,2008-10-07 09:59:00,4
-5418.75,2915.71,2.991,505.2998,0.3743,115.348,-2.3264,2.1206,-0.0116,6.6306,622.3555,53.5,19.6629,0.1725,57.9383,-0.0001,0.0001,0,2008-10-07 10:04:00,4
-5587.5,3056.37,1.6064,1408.6001,0.0656,93.4939,-6.2591,2.068,-0.0096,6.6306,624.9882,46.5999,25.7435,0.177,58.8135,0.0002,0.0,0,2008-10-07 10:10:00,4
-5524.25,3015.36,1.5141,1097.1006,0.116,107.0065,-0.4636,1.3198,-0.0077,6.1121,616.2636,44.2002,27.7077,0.0968,58.5469,0.0003,0.0001,0,2008-10-07 10:51:00,4
-6370.0,2981.04,2.8283,1244.0996,0.093,176.4625,-0.28,2.1206,-0.0107,6.553,626.8809,53.3,64.6943,0.1538,59.2744,-0.0005,0.0002,0,2008-10-07 11:15:00,4
-5403.5,2984.41,1.6626,1151.1997,0.059,91.9586,4.7382,2.068,-0.0094,6.6306,625.6436,62.1001,219.4091,0.1702,58.1424,0.0,0.0,0,2008-10-07 11:16:00,4
-5573.75,2852.18,1.6902,1030.2998,0.1244,111.73,-6.4945,2.068,-0.0117,6.1121,629.6345,46.7,21.0609,0.0976,55.9296,0.0,0.0002,0,2008-10-07 11:36:00,4
-4958.5,2864.77,1.7305,1030.4004,0.093,108.6246,-3.9618,2.068,-0.0119,6.1121,612.7873,62.1001,14.69,0.1025,58.2596,0.0002,0.0001,0,2008-10-07 12:40:00,4
-5247.0,3052.98,1.945,1102.2002,0.0608,113.1815,-2.49,1.0744,-0.0063,14.1621,621.9682,51.7998,30.1912,0.0588,58.0836,0.001,0.0001,1,2008-10-07 13:10:00,4
-5442.25,2870.76,1.0925,967.2998,0.1352,92.7369,-0.5345,2.1082,-0.0134,6.1121,633.5555,62.1001,43.1468,0.0931,58.97,-0.0002,0.0,0,2008-10-07 13:48:00,4
-5441.0,3014.77,1.4549,1268.4004,0.1207,92.9093,-7.8145,2.0329,-0.0121,6.1121,630.9482,69.3999,38.9365,0.0956,57.8402,0.0,0.0001,0,2008-10-07 14:35:00,4
-5597.5,3027.72,1.7877,590.0996,0.072,83.6264,-2.9791,2.2909,-0.0123,6.553,628.2445,62.1001,37.73,0.1319,58.2013,0.0001,0.0001,0,2008-10-07 16:32:00,4
-5399.5,2893.19,1.8776,1233.4004,0.0572,96.3277,0.3173,1.866,-0.013,6.586,634.8427,46.5999,52.7874,0.1579,59.2627,-0.0005,0.0,0,2008-10-07 17:06:00,4
-5429.25,3006.5,1.7245,851.3999,0.0976,108.9535,-3.4618,2.0223,-0.0126,6.553,617.8027,44.2002,16.367,0.1248,59.7051,-0.0004,-0.0001,0,2008-10-07 17:28:00,4
-5650.5,3094.77,1.2708,925.7002,0.0976,117.7657,-3.4391,2.068,-0.0113,6.586,616.0536,53.3,20.2226,0.1038,58.6072,0.0,0.0,0,2008-10-07 18:39:00,4
-5168.25,2985.78,1.2823,1379.5,0.058,118.7371,-3.5573,2.0075,-0.0103,6.553,630.9555,46.5999,41.5158,0.1148,59.7638,0.0002,0.0001,0,2008-10-07 19:24:00,4
-5226.25,3171.42,4.7983,641.0996,2.4894,96.9042,2.6827,1.9363,-0.0131,6.553,626.1264,51.0,39.1517,0.0988,58.3159,0.0004,0.0001,0,2008-10-07 20:19:00,4
-6456.75,3068.47,1.6082,927.7998,0.093,85.971,1.7791,2.0034,-0.0107,4.9199,630.7845,46.5999,81.7742,0.115,59.7824,0.0001,-0.0001,0,2008-10-07 20:39:00,4
-5362.75,3012.98,3.1309,1049.7998,0.093,68.1039,-1.4627,1.9626,-0.013,6.553,628.0355,53.3,43.9366,0.1328,58.0857,-0.0003,0.0,0,2008-10-07 20:48:00,4
-5313.75,3060.55,1.6971,1233.7998,0.0656,211.8978,-5.4282,2.0133,-0.0119,5.5662,640.21,51.0,38.4219,0.1274,60.8747,-0.0003,0.0001,0,2008-10-08 04:47:00,4
-5689.0,3025.46,5.194,1323.9004,0.0731,109.7284,-1.4609,2.2909,-0.0119,5.9663,632.8018,46.3999,28.9363,0.1187,58.1153,0.0003,0.0,0,2008-10-08 05:35:00,4
-5398.75,2973.39,3.5206,1292.5,0.0572,90.9548,-4.8009,1.9626,-0.0118,5.9663,617.3664,46.3999,25.7652,0.1174,57.7159,0.0001,0.0,0,2008-10-08 05:38:00,4
-5284.5,3014.16,3.4853,1679.4004,0.059,100.5545,-2.6682,1.9626,-0.0095,5.2468,625.0255,58.4001,33.7919,0.1459,58.3783,0.0003,0.0,0,2008-10-08 06:25:00,4
-5657.5,3037.71,1.5347,895.1997,0.0731,122.2025,-2.2582,2.2909,-0.014,5.9663,620.7191,66.5999,57.1925,0.078,59.7725,-0.0001,0.0,0,2008-10-08 07:10:00,4
-6349.25,2999.11,1.264,1981.7998,0.1352,90.5215,-1.8509,2.0075,-0.0124,6.586,635.57,51.0,48.6021,0.1549,59.0519,-0.0005,0.0,0,2008-10-08 07:13:00,4
-5231.5,2991.63,5.9925,1245.4004,0.3743,86.1499,-1.97,2.1429,-0.0086,5.9663,631.9745,66.5999,49.1579,0.1248,58.3178,0.0004,0.0001,0,2008-10-08 07:16:00,4
-6461.0,2958.3,1.7051,2025.4004,0.093,161.8535,-4.5718,2.1206,-0.0116,6.586,631.0236,46.5999,57.2607,0.1514,57.7583,-0.0002,0.0001,0,2008-10-08 09:01:00,4
-6106.25,2998.88,2.1294,967.2998,0.1352,220.4506,-0.5655,2.1082,-0.0126,5.9663,634.8491,46.3999,38.4139,0.1056,61.1938,0.0002,0.0001,0,2008-10-08 09:06:00,4
-6504.75,2975.74,1.4541,967.2998,0.0416,131.3067,-2.0991,1.9857,-0.0112,7.9886,615.6482,62.9001,34.9788,0.1274,60.2067,0.0003,0.0003,0,2008-10-08 10:37:00,4
-5553.0,2939.57,2.2797,702.5996,0.1352,97.9837,-5.1618,2.1082,-0.0104,8.2601,638.6982,56.5,42.5247,0.0988,60.6749,0.0,0.0001,0,2008-10-08 12:11:00,4
-5187.0,3095.53,3.6154,1075.6006,0.0656,102.5558,1.7736,1.9602,-0.0094,5.9663,641.5455,58.4001,62.9857,0.1131,60.6665,0.0005,0.0,0,2008-10-08 13:35:00,4
-5254.25,3073.26,0.998,1190.7002,0.0731,101.1505,-0.3409,2.2909,-0.0116,7.9886,631.1045,66.5999,47.3922,0.0983,60.5146,-0.0004,0.0001,0,2008-10-08 13:38:00,4
-5514.75,3077.47,0.6644,775.5005,0.0734,110.1542,2.8236,1.4106,-0.0131,7.9886,630.3782,57.3999,45.6441,0.1368,60.114,0.0001,0.0,0,2008-10-08 14:48:00,4
-5594.75,3169.0,1.6483,1528.0996,0.0734,96.5266,3.6255,1.7961,-0.0144,7.9886,638.5545,52.0,62.0475,0.1122,59.4884,-0.0002,0.0002,0,2008-10-08 15:37:00,4
-5329.75,2923.19,1.5759,737.0996,0.0734,100.8114,0.2336,1.4106,-0.0129,7.9886,631.22,57.3999,43.8118,0.1306,60.1119,-0.0004,0.0001,0,2008-10-08 16:26:00,4
-5432.25,3003.43,4.1044,1226.7002,0.0665,82.0727,-5.8273,2.2909,-0.0139,8.2601,609.4109,56.5,127.1524,0.1053,59.7305,-0.0001,0.0001,0,2008-10-08 17:14:00,4
-5431.25,2953.63,2.0297,1888.2998,0.059,94.2791,-3.4873,2.1429,-0.009,5.9663,626.6846,46.3999,29.846,0.1162,61.5356,0.0002,0.0001,0,2008-10-08 17:31:00,4
-5636.0,3034.74,3.8335,563.2002,0.0656,175.7635,-5.3264,2.0133,-0.0104,6.553,628.8327,62.1001,30.4426,0.1024,58.3971,0.0002,0.0001,0,2008-10-08 17:41:00,4
-6376.25,3038.57,1.9174,1099.2998,0.1352,91.4862,-2.1264,2.2909,-0.0124,8.2601,636.9709,56.5,61.5103,0.1047,58.316,0.0001,0.0001,0,2008-10-08 18:22:00,4
-5337.25,2902.88,1.3349,901.0,0.058,101.619,-5.7373,1.9172,-0.0114,7.9886,637.8036,56.5,29.84,0.1221,58.4412,0.0001,0.0,0,2008-10-08 20:27:00,4
-6517.75,3001.45,1.2567,967.2998,0.0416,109.115,0.2055,2.0831,-0.0101,7.9656,620.6291,62.9001,43.2443,0.1833,58.3055,-0.0001,0.0001,0,2008-10-08 21:19:00,4
-5552.25,2975.72,3.0257,872.7002,0.058,125.3191,-2.8245,2.0075,-0.0117,4.9425,633.2027,66.5999,42.1914,0.2252,60.1442,-0.0001,0.0,0,2008-10-08 21:45:00,4
-5731.5,3356.35,3.5134,706.0996,0.0734,83.5375,-4.9336,2.0447,-0.0081,5.2258,627.4809,51.0,38.9835,0.1476,58.5896,0.0001,0.0001,0,2008-10-08 22:08:00,4
-5313.5,3053.48,2.1199,934.7002,0.0976,107.8942,3.1427,2.0329,-0.0116,6.586,619.2064,53.3,126.7109,0.1261,58.3477,0.0001,0.0,0,2008-10-08 23:13:00,4
-5282.25,2816.81,3.6748,689.6992,0.1227,146.7649,7.71,1.8126,-0.0114,5.9663,626.6209,46.3999,59.642,0.1101,58.6259,0.0,0.0,0,2008-10-08 23:50:00,4
-5418.25,3100.96,1.8704,394.7002,0.0651,105.0281,-3.1827,2.0075,-0.0096,8.2601,632.0964,56.5,41.3239,0.0972,61.1788,-0.0002,0.0002,0,2008-10-09 00:23:00,4
-6333.25,2951.84,3.7618,1327.8994,0.072,104.6066,-5.1645,2.2909,-0.0114,6.553,618.2173,62.1001,64.8532,0.1296,58.3392,0.0,0.0001,1,2008-10-09 04:34:00,4
-5497.5,3004.07,1.5094,967.2998,0.1352,93.9988,-3.5064,2.1082,-0.0119,8.2601,630.7445,57.3999,46.5831,0.167,59.3411,-0.0002,0.0,0,2008-10-09 06:06:00,4
-5564.0,2974.97,1.8802,1479.1006,0.0731,118.945,-1.0455,2.2909,-0.0124,7.9886,624.2864,46.3999,79.4471,0.1025,58.4606,-0.0001,0.0,0,2008-10-09 07:38:00,4
-5264.5,2987.8,1.8747,1299.7998,0.093,96.1682,-4.25,1.9626,-0.0133,8.2601,620.4827,46.7,22.8866,0.1751,59.6823,-0.0003,0.0001,0,2008-10-09 14:15:00,4
-6475.5,2955.33,1.8865,613.2998,0.0416,122.698,2.3091,1.9857,-0.0111,8.2601,619.9127,52.0,54.3217,0.146,59.4081,0.0002,0.0001,0,2008-10-09 15:04:00,4
-5274.25,3173.18,1.4946,967.2998,0.0656,181.4959,-6.2473,2.0133,-0.0086,6.586,611.9545,48.9001,57.4154,0.1066,57.9134,0.0003,0.0001,1,2008-10-09 15:55:00,4
-6623.75,2990.57,1.442,703.0,0.0635,149.312,-2.5027,2.0891,-0.0094,7.9886,618.9855,62.9001,58.7929,0.1273,56.3776,-0.0006,0.0001,0,2008-10-09 15:56:00,4
-5187.25,3219.75,1.3064,624.7998,0.0665,95.3934,4.1691,2.2909,-0.0121,3.0215,637.4973,59.5,80.665,0.0812,59.6793,-0.0002,0.0,0,2008-10-10 10:05:00,4
-5384.5,2962.45,1.8528,1520.7998,0.0901,72.8475,-0.4491,1.8126,-0.0115,3.0215,615.5673,141.7998,37.899,0.0833,56.6905,-0.0002,0.0001,0,2008-10-10 10:46:00,4
-5158.75,2949.12,1.095,825.0,0.072,96.0222,-2.1136,2.2909,-0.0113,3.0215,616.0318,55.2998,52.4563,0.0848,54.7106,-0.0001,0.0001,0,2008-10-10 10:53:00,4
-5379.0,3047.38,1.5542,812.7002,0.1227,96.032,-0.7664,1.9812,-0.0122,3.0215,626.3536,55.9001,17.4802,0.0865,56.7072,-0.0003,0.0001,0,2008-10-10 12:30:00,4
-5311.75,3214.14,1.0734,638.0996,0.0734,88.1454,0.4345,1.4106,-0.0131,3.0215,629.0191,59.5,30.2063,0.0814,59.5098,-0.0003,0.0001,0,2008-10-10 15:33:00,4
-5211.0,3043.18,2.6777,439.4004,0.0856,69.4149,2.9864,2.085,-0.0134,3.0215,615.7155,55.9001,77.291,0.078,58.4186,-0.0002,0.0001,0,2008-10-10 15:50:00,4
-6194.0,2976.92,2.8389,1000.7002,0.1059,118.6852,-3.7245,2.1114,-0.0092,8.2601,621.7055,52.0,66.7241,0.1615,57.9007,-0.0001,0.0001,0,2008-10-10 20:02:00,4
-4416.5,3059.44,3.8617,1233.5005,0.0734,101.7612,-1.4782,1.7961,-0.0129,4.6717,621.2727,59.5,74.7736,0.1141,60.2227,-0.0002,0.0,0,2008-10-10 21:03:00,4
-6451.0,2995.84,2.0681,1614.3003,0.3743,96.3335,0.2945,1.9602,-0.0124,4.9554,638.4664,46.8,39.5829,0.105,59.4655,0.0,0.0,0,2008-10-10 21:07:00,4
-6358.25,2913.84,1.4783,515.4004,0.0633,99.5945,5.6155,1.7961,-0.013,4.6717,625.7445,56.0,112.2038,0.125,59.1796,-0.0004,0.0,0,2008-10-10 21:16:00,4
-6422.5,3022.41,2.901,1816.6997,0.0734,214.0137,5.5191,2.2909,-0.0143,4.6717,636.0982,59.5,69.747,0.1264,60.1658,-0.0005,0.0004,0,2008-10-11 02:55:00,4
-5641.0,3026.86,1.3488,737.8994,0.0736,225.0767,2.2618,1.8126,-0.0125,5.7265,620.6609,69.2,71.9352,0.0856,59.3528,0.0,0.0,0,2008-10-11 06:56:00,4
-6464.25,3048.58,1.2164,455.2002,0.0416,128.6673,2.3936,1.4106,-0.0135,4.6717,629.1009,56.0,59.6943,0.1587,59.1506,-0.0003,0.0,0,2008-10-11 07:38:00,4
-5362.5,2928.89,1.9785,938.2998,0.0863,107.3203,-2.7973,2.1085,-0.0091,5.7265,622.7364,57.3,358.9504,0.126,58.7594,0.0002,0.0002,0,2008-10-11 07:39:00,4
-5249.25,3006.8,0.8528,1412.0,2.4894,93.0103,-0.0864,1.9567,-0.0092,6.687,622.9045,55.9001,16.678,0.1346,57.9715,0.0001,0.0002,0,2008-10-11 07:42:00,4
-5295.25,3051.8,1.2682,868.6992,0.1753,159.011,-0.2491,1.8126,-0.0091,4.6717,625.0464,55.9001,22.8652,0.1384,59.465,0.0002,0.0001,0,2008-10-11 08:27:00,4
-5290.25,2900.29,3.3129,1624.1997,2.4894,176.5264,-1.7909,2.0396,-0.0092,4.4441,629.9736,55.9001,41.8982,0.18,57.3337,0.0001,0.0001,0,2008-10-11 14:43:00,4
-6586.0,3051.1,3.1618,1826.5996,0.0891,121.7605,1.6018,2.5161,-0.0113,6.4396,629.3009,55.5,42.3955,0.0875,60.2588,-0.0001,0.0,0,2008-10-11 15:33:00,4
-6553.0,2982.03,3.6439,967.2998,0.0891,106.0501,-2.8618,2.5161,-0.0125,6.4396,632.8809,55.5,25.4135,0.0837,59.0268,-0.0002,0.0,0,2008-10-11 16:25:00,4
-6373.5,3088.81,1.0312,867.2998,0.0891,131.3087,-10.68,2.5161,-0.0115,5.6246,618.2773,56.0999,21.9687,0.1794,55.0344,0.0,0.0001,0,2008-10-11 23:16:00,4
-6548.25,2969.65,1.9626,1195.7998,0.0891,107.3226,-0.5591,2.5161,-0.0119,5.6246,627.1009,51.5,19.8939,0.1588,60.4686,-0.0002,0.0001,0,2008-10-11 23:58:00,4
-5426.0,2963.26,3.3506,1052.1006,0.1083,94.0206,-2.9609,1.7961,-0.0141,6.4396,632.5291,63.7,38.2389,0.2147,59.3887,-0.0006,0.0001,0,2008-10-12 00:57:00,4
-5257.0,2936.59,4.6119,836.7002,0.0632,169.239,1.4791,0.9847,-0.0113,3.8251,622.44,55.9001,23.7029,0.1618,59.2678,0.0002,0.0001,0,2008-10-12 01:50:00,4
-6473.25,2968.78,2.4184,718.2002,0.0891,137.5953,1.2518,2.3188,-0.0112,5.6246,622.0773,56.0999,57.4456,0.1807,59.948,0.0,0.0001,0,2008-10-12 02:59:00,4
-5459.5,2898.17,1.1271,867.3003,0.1284,189.3247,0.0064,2.0396,-0.0126,3.8251,622.5364,55.9001,74.9238,0.0768,59.8217,0.0001,0.0,0,2008-10-12 03:21:00,4
-5351.75,3045.87,1.6412,1274.8003,0.0734,115.7673,2.1927,1.4106,-0.013,4.4441,629.8845,61.7002,51.0466,0.173,54.5531,-0.0003,0.0001,0,2008-10-12 03:28:00,4
-6514.5,2926.38,5.4376,1192.5,0.0891,130.0714,3.6664,2.3188,-0.0126,3.4883,623.7782,56.0999,70.2844,0.1382,60.9868,0.0,0.0001,0,2008-10-12 08:19:00,4
-5227.5,3033.46,3.8089,558.8999,0.0722,179.2778,1.4845,2.1566,-0.0122,3.4883,627.2182,56.7,35.1058,0.1175,60.0887,0.0001,0.0,0,2008-10-12 18:47:00,4
-5874.25,3064.53,4.4948,855.1001,0.0867,122.9696,-5.0355,2.1814,-0.0126,5.1399,633.9655,57.6001,10.9045,0.1651,59.7733,0.0,0.0001,0,2008-10-13 03:34:00,4
-5626.0,2959.51,2.7911,967.2998,0.0754,131.3357,-3.1427,2.1566,-0.0097,5.1399,628.3445,55.5,21.389,0.1764,59.6595,0.0,0.0001,0,2008-10-13 03:53:00,4
-5100.0,3068.72,1.2038,767.5,0.0819,104.0345,-0.6236,2.1814,-0.0141,6.0728,633.0791,55.5,31.0324,0.1202,55.4433,-0.0004,0.0,0,2008-10-13 11:27:00,4
-5473.75,3000.24,1.5828,1513.1006,0.1061,103.8607,-0.0445,1.5887,-0.0137,5.1399,632.3918,56.0999,59.7669,0.1863,59.7231,-0.0003,0.0,0,2008-10-13 12:18:00,4
-5569.0,3284.82,1.9879,640.2998,0.0715,148.4238,-1.3327,1.8347,-0.0117,4.999,624.4391,42.5,58.8298,0.1911,58.486,0.0001,0.0,0,2008-10-13 14:06:00,4
-5404.75,2938.51,1.1118,967.2998,0.062,116.0533,2.6991,2.1472,-0.0132,3.218,633.7455,56.0999,55.6618,0.1991,59.6123,-0.0005,0.0001,0,2008-10-13 14:29:00,4
-5115.25,3126.61,2.8722,967.2998,0.1116,119.4628,-2.5418,2.1401,-0.0107,3.218,616.7918,27.2,52.7464,0.184,56.3933,0.0003,0.0,0,2008-10-13 14:30:00,4
-5530.25,3016.68,2.9964,718.0,0.1061,125.4802,-1.1236,2.1814,-0.0147,4.999,632.2791,56.7,18.4627,0.187,59.4138,-0.0001,0.0,0,2008-10-13 14:55:00,4
-5160.75,3025.04,2.8309,1561.6006,0.0567,108.9447,-0.9091,1.9857,-0.0135,4.0572,623.9082,26.3,56.6739,0.1191,59.1913,-0.0002,0.0001,0,2008-10-13 15:42:00,4
-5200.75,2983.64,1.3204,734.0,0.0812,87.7423,-1.7382,1.2925,-0.0126,4.0572,626.1691,26.3,39.7917,0.1228,59.4669,-0.0002,0.0,0,2008-10-13 15:42:00,4
-5405.5,3036.24,1.9681,967.2998,0.0588,128.8039,0.2327,1.5887,-0.0136,6.0728,631.7491,56.7,36.3227,0.1167,59.6612,-0.0006,0.0,0,2008-10-13 16:13:00,4
-5175.5,2990.46,1.9476,967.2998,0.1061,93.9496,-1.3018,1.5887,-0.0096,4.0572,632.2509,56.7,53.4696,0.0958,59.6445,0.0001,0.0001,0,2008-10-13 19:17:00,4
-4821.5,2911.22,2.7903,967.2998,0.0754,130.5565,-2.8845,2.1566,-0.0101,4.9568,628.1964,27.2,28.6219,0.1409,59.6879,0.0005,0.0002,0,2008-10-13 19:36:00,4
-5552.0,2984.93,2.1033,967.2998,0.0738,117.7499,-4.7682,2.2109,-0.0115,4.9568,622.6445,21.4001,43.1603,0.1645,58.5285,0.0003,0.0001,0,2008-10-13 19:40:00,4
-5393.5,2987.19,1.9479,967.2998,0.0518,95.1568,3.3573,1.9098,-0.0099,5.1303,629.2445,59.8999,39.2364,0.1092,56.2351,0.0003,0.0,0,2008-10-13 20:10:00,4
-5304.75,2970.42,1.3562,648.3994,0.0913,125.7635,-2.6591,1.8675,-0.009,4.9568,626.6827,59.8999,47.0893,0.1157,58.2359,0.0011,0.0002,0,2008-10-13 20:30:00,4
-5475.0,3190.97,1.5773,687.7998,0.0635,94.0853,26.9709,2.034,-0.0101,4.9568,619.7964,51.3999,49.3592,0.1578,59.647,0.0003,0.0001,0,2008-10-13 20:53:00,4
-5591.75,2977.92,4.0281,1420.0,0.1116,113.5777,0.6055,2.1401,-0.0116,4.9568,623.1018,54.7,80.435,0.1061,55.9835,-0.0001,0.0,0,2008-10-13 21:20:00,4
-5592.25,3042.12,2.8321,466.0996,0.1091,96.0189,4.7545,1.9098,-0.0091,4.9568,633.5282,22.0,59.4275,0.1492,56.7563,0.0002,0.0,0,2008-10-13 21:47:00,4
-5394.25,3070.74,2.2335,967.2998,0.0571,130.2585,-0.2709,2.1114,-0.0098,5.1303,628.9727,51.3999,30.3884,0.1413,58.0887,0.0002,0.0,0,2008-10-13 21:57:00,4
-6476.25,3002.54,2.2901,703.0996,0.0562,112.3859,-2.8555,2.068,-0.0109,3.218,614.08,57.6001,13.3447,0.1769,60.0488,-0.0001,0.0,0,2008-10-13 22:48:00,4
-6062.25,3068.64,2.6049,1159.2998,0.0714,111.1551,3.8873,2.1566,-0.0118,4.9568,632.7255,54.7,34.6931,0.1458,60.0258,-0.0001,0.0001,0,2008-10-13 22:54:00,4
-6592.25,2983.24,1.9943,967.2998,0.1059,106.3748,-3.2373,2.1114,-0.0101,8.2601,624.0,52.0,60.0329,0.1519,59.7417,0.0002,-0.0001,0,2008-10-14 00:35:00,4
-5526.75,3073.57,2.5053,414.2998,0.0738,105.0266,-1.1627,2.1114,-0.0125,4.9568,632.67,55.5,36.6682,0.1537,57.8267,-0.0004,0.0001,0,2008-10-14 03:21:00,4
-4939.0,2962.43,2.7424,662.4004,0.1091,115.0192,-0.7418,2.1114,-0.0108,4.9568,634.9736,42.5,41.3175,0.1214,58.2904,-0.0002,0.0001,0,2008-10-14 03:28:00,4
-5631.0,2918.48,3.7287,967.2998,0.0754,132.1238,-6.7227,2.1566,-0.0129,3.218,629.7482,56.7,23.2761,0.1885,59.5625,-0.0002,0.0,0,2008-10-14 03:35:00,4
-5734.75,2924.54,4.2824,967.2998,0.0633,159.765,0.4445,2.0831,-0.0102,6.3715,613.2673,27.9001,54.1026,0.1725,58.7687,0.0,0.0,0,2008-10-14 13:13:00,4
-5554.75,3107.42,1.741,967.2998,0.0635,122.5998,-1.5091,2.2109,-0.0092,6.3715,619.4945,21.4001,58.3474,0.1673,56.5738,0.0002,0.0001,0,2008-10-14 13:16:00,4
-5695.0,3033.22,1.2465,967.2998,0.0754,105.127,2.44,1.4106,-0.0098,6.3715,628.9136,24.2,45.2733,0.1515,57.626,0.0001,0.0001,0,2008-10-14 14:07:00,4
-6254.25,2989.59,2.6539,967.2998,0.0867,108.9445,-3.45,2.1186,-0.0143,4.999,628.6264,27.2,26.0554,0.191,58.653,-0.0003,0.0,0,2008-10-14 14:15:00,4
-6354.5,2921.78,2.3324,1534.7998,0.0635,105.4212,4.9209,2.1401,-0.012,6.3715,621.1582,21.4001,22.0836,0.1425,56.5065,0.0,-0.0001,0,2008-10-14 14:43:00,4
-6330.5,2905.07,1.9332,967.2998,0.0867,124.7749,-4.6173,2.1186,-0.0094,4.6088,632.8973,54.7,29.4102,0.12,59.7162,-0.0001,0.0001,0,2008-10-14 17:36:00,4
-5594.75,3026.67,3.3389,967.2998,0.0819,115.3818,-1.65,2.0719,-0.0136,4.6088,629.6727,57.7,20.0924,0.1319,60.2503,-0.0001,0.0001,0,2008-10-14 19:15:00,4
-5093.75,2883.88,1.7605,892.3003,0.0665,90.3664,-2.9818,1.4106,-0.0122,6.3715,613.5445,21.4001,71.4043,0.1569,58.198,-0.0001,0.0,0,2008-10-14 20:01:00,4
-5193.25,2996.65,3.2928,967.2998,0.0734,135.7362,2.0318,2.1114,-0.0101,5.0152,618.9773,60.4001,86.6532,0.0827,58.5099,0.0,0.0,0,2008-10-14 20:30:00,4
-5465.75,2992.07,3.147,967.2998,0.117,97.0141,-0.2255,2.0882,-0.0112,4.6088,631.1664,60.4001,35.4504,0.1764,59.4308,0.0,0.0001,0,2008-10-14 20:48:00,4
-5097.0,2931.11,1.2739,693.7002,0.0819,93.5594,-2.0455,2.1814,-0.013,4.8083,629.4291,62.8999,38.3753,0.1722,60.0482,-0.0004,0.0,0,2008-10-14 21:36:00,4
-6427.5,2966.2,3.4585,967.2998,0.0995,128.6714,0.9027,2.3188,-0.0097,5.0152,625.9382,57.7,55.9243,0.064,57.5749,-0.0001,0.0,0,2008-10-14 23:07:00,4
-5321.75,2984.99,1.9887,729.5,0.0734,153.7235,-4.8809,1.8347,-0.0091,4.8346,621.9691,27.9001,42.8039,0.169,58.2256,-0.0001,0.0,0,2008-10-15 00:03:00,4
-5153.5,3031.93,3.3321,967.2998,0.058,88.6323,-3.88,2.0075,-0.0122,5.9663,631.9391,56.5,59.7571,0.1425,58.2965,-0.0005,0.0001,0,2008-10-15 00:27:00,4
-5370.25,3067.02,1.7435,967.2998,0.0682,98.6675,4.7573,1.8675,-0.0095,5.0152,631.9936,27.9001,51.5656,0.0804,59.5307,0.0,0.0001,0,2008-10-15 00:47:00,4
-5475.0,3012.34,2.5151,967.2998,0.058,139.8383,-0.6345,2.2109,-0.0103,4.6088,630.4273,57.7,48.414,0.1825,58.5441,0.0004,0.0,0,2008-10-15 01:52:00,4
-5868.25,3018.7,4.625,967.2998,0.0588,123.9781,-4.7227,2.1814,-0.0122,5.0152,627.23,57.7,52.0574,0.1692,58.4145,-0.0001,0.0,0,2008-10-15 01:52:00,4
-5488.5,2949.9,2.8306,461.7998,0.0572,104.3115,-5.0918,2.2444,-0.0126,4.8346,634.87,65.3999,35.1908,0.179,58.0529,-0.0002,0.0,0,2008-10-15 01:52:00,4
-5372.0,2935.39,1.405,695.8008,0.0589,88.9522,-2.0164,1.8675,-0.0122,4.6088,628.86,32.3999,40.5153,0.1276,57.9925,-0.0001,-0.0001,0,2008-10-15 02:40:00,4
-5468.5,3273.46,1.8224,1937.5005,0.0765,91.3364,-0.3773,1.5887,-0.0111,5.0152,631.0609,62.8,69.2929,0.1476,56.4055,0.0001,0.0,0,2008-10-15 02:40:00,4
-5575.0,2903.34,4.4867,2246.1001,0.0648,138.6789,2.8691,2.3002,0.0016,6.553,613.7882,53.5,31.4636,0.1275,57.094,0.0015,0.0004,1,2008-10-15 02:42:00,4
-6247.0,2998.06,0.9682,1830.2998,0.0635,110.2461,-3.9073,2.286,-0.0124,4.6088,615.53,62.8,70.397,0.1128,56.7643,-0.0003,0.0001,0,2008-10-15 03:24:00,4
-5233.25,2943.76,3.1395,600.9004,0.0658,127.9445,-2.0718,2.1472,-0.012,6.3715,631.1782,27.9001,65.5587,0.1687,60.1589,-0.0001,0.0001,0,2008-10-15 04:08:00,4
-5366.25,3015.71,1.9421,967.2998,0.1166,100.1165,1.3464,2.1401,-0.01,8.1977,620.3473,56.7,67.7616,0.1146,55.5559,-0.0002,0.0,0,2008-10-15 05:13:00,4
-6458.0,2930.66,3.6662,673.5996,0.0582,89.1839,-1.8045,1.8675,-0.0086,4.8083,630.4873,24.2,57.1899,0.3021,58.5008,0.0004,0.0,0,2008-10-15 05:16:00,4
-5641.25,3142.21,2.3251,1186.7998,0.0913,80.979,-4.4309,2.1114,-0.011,3.595,623.85,62.8,57.4682,0.1743,58.7752,0.0001,0.0,0,2008-10-15 06:49:00,4
-5138.5,2977.74,1.9837,641.9004,0.0658,174.6796,-2.1155,1.5887,-0.0118,3.595,632.3645,57.7,21.2068,0.0623,58.2458,0.0002,0.0001,0,2008-10-15 07:36:00,4
-5587.0,3042.45,4.2107,1028.2998,0.0567,102.0092,-3.6509,2.0831,-0.0125,3.595,623.6127,60.4001,42.6199,0.0635,59.6947,-0.0003,0.0,0,2008-10-15 07:55:00,4
-5566.0,3051.2,2.3697,967.2998,0.0592,124.5219,-2.5382,2.0831,-0.013,3.595,636.8,27.9001,34.9629,0.1578,58.4712,-0.0004,0.0001,0,2008-10-15 08:21:00,4
-5337.0,3028.34,1.6219,967.2998,0.0582,123.7995,4.4209,2.1401,-0.0091,4.6088,622.2318,32.3999,37.5503,0.1295,56.0862,0.0003,0.0001,0,2008-10-15 09:11:00,4
-6393.5,3068.78,2.5795,918.9004,0.0654,112.7761,0.5773,2.2678,-0.0111,3.9965,631.3536,55.5,63.9972,0.1103,59.5695,0.0,0.0,0,2008-10-15 10:00:00,4
-5822.75,3072.29,4.7296,967.2998,0.0571,159.4965,-0.1882,2.1401,-0.0094,6.176,617.4818,63.6001,65.682,0.377,58.2202,-0.0002,0.0,0,2008-10-15 12:53:00,4
-5442.25,2959.86,3.229,1437.0996,0.0633,110.4156,-2.2382,2.0831,-0.0109,4.6088,621.7491,57.7,47.1711,0.0841,58.2971,-0.0001,0.0,0,2008-10-15 13:14:00,4
-5275.5,3169.64,1.7104,925.8994,0.0867,117.8905,-1.1655,2.1814,-0.0156,3.8148,633.6291,27.9001,24.4738,0.1004,59.823,-0.0006,0.0,0,2008-10-15 13:16:00,4
-5670.5,3011.32,2.9188,825.0,0.0878,193.7047,-0.4527,2.3008,-0.0104,6.176,634.6945,53.7,55.6405,0.3585,60.0095,0.0003,0.0001,0,2008-10-15 14:08:00,4
-5713.0,2969.29,2.7628,967.2998,0.0867,113.5641,-3.8991,2.0745,-0.0135,6.176,632.1718,55.1001,10.4188,0.1316,59.3632,-0.0001,0.0,0,2008-10-15 15:11:00,4
-5455.75,3028.64,1.8646,1119.3008,0.0654,114.3688,1.5118,2.1718,-0.0115,6.176,632.7446,57.7,65.3391,0.1378,59.3408,0.0,0.0,0,2008-10-15 16:24:00,4
-5300.5,3059.59,1.2423,853.3003,0.0571,112.4876,-2.3127,2.1327,-0.0102,6.176,628.4473,60.4001,59.2039,0.0935,59.5424,-0.0002,0.0001,0,2008-10-15 17:19:00,4
-6430.25,3006.22,2.1083,648.2998,0.123,109.7885,0.6482,2.0706,-0.0108,3.8148,628.1718,57.7,28.8862,0.1974,59.1391,0.0,0.0,0,2008-10-15 18:16:00,4
-5219.5,3128.11,1.0539,967.2998,0.0633,123.1009,-4.3518,2.0831,-0.0097,6.176,638.4136,62.8,51.0024,0.2056,60.0423,0.0002,0.0,0,2008-10-15 19:15:00,4
-5638.25,2908.94,3.1246,1111.0005,0.0754,105.2222,5.9282,1.7961,-0.011,6.176,620.01,24.2,141.4174,0.3498,57.6837,0.0001,0.0,0,2008-10-15 19:24:00,4
-5685.5,2996.04,1.3619,1526.8003,0.0682,152.5655,5.6382,2.0059,-0.0091,6.176,618.04,27.9001,51.3166,0.6779,58.7891,0.0003,0.0001,0,2008-10-15 21:44:00,4
-5281.0,3246.31,2.5481,691.5,0.0734,126.7863,-3.1818,2.1114,-0.0095,6.176,630.0127,52.5999,45.8549,0.3093,57.5882,0.0,0.0001,0,2008-10-15 22:45:00,4
-5223.25,2965.57,3.4533,1115.7002,0.0701,86.6621,3.6809,2.1154,-0.0123,7.5116,614.7836,70.2,29.0457,0.1948,59.8747,0.0,0.0,0,2008-10-15 22:54:00,4
-6424.25,3109.18,2.5395,1283.1006,0.0701,105.3182,5.6627,2.3195,-0.0141,7.5116,620.88,70.2,29.2245,0.3095,59.898,-0.0001,0.0,0,2008-10-15 23:00:00,4
-5756.5,3108.98,2.0568,1986.6001,0.0701,95.2043,3.2882,2.1154,-0.0134,7.5116,614.1336,70.2,34.6461,0.3036,60.0114,-0.0001,-0.0001,0,2008-10-15 23:45:00,4
-5338.75,3100.19,3.7015,483.2998,0.0611,97.265,4.6964,2.3706,-0.0138,4.3682,627.4054,66.7002,106.7067,0.1654,58.0119,-0.0001,0.0001,0,2008-10-16 02:16:00,4
-5056.25,3093.24,1.6646,1174.0,0.0697,98.1681,-2.4436,2.3435,-0.0127,4.3682,612.6909,66.7002,21.2532,0.1733,58.2191,0.0001,0.0,0,2008-10-16 02:16:00,4
-5222.0,3008.77,1.9613,967.2998,0.0589,96.2382,1.5645,2.1401,-0.0117,3.8148,623.2209,27.9001,89.2302,0.1746,58.5492,-0.0001,0.0,0,2008-10-16 02:17:00,4
-6457.75,3027.01,0.979,1086.2002,0.0735,102.6606,2.9545,2.3099,-0.014,4.3682,632.7573,74.3,100.4373,0.1647,59.7619,0.0,0.0,0,2008-10-16 02:22:00,4
-5491.75,3183.63,1.5013,1396.7998,0.0471,96.7501,-4.99,1.8987,-0.011,4.5876,621.6791,22.0,34.1337,0.2363,58.3851,0.0,0.0001,0,2008-10-16 02:55:00,4
-5727.0,3072.2,1.9378,797.4995,0.1091,105.1729,3.0682,2.1401,-0.009,3.8148,625.0282,22.0,45.8309,0.1949,58.6392,0.0002,0.0,0,2008-10-16 03:56:00,4
-6416.25,2939.35,3.53,967.2998,0.0416,136.1427,2.3318,1.9857,-0.0107,7.6319,611.8573,55.5,53.7124,0.3068,59.0924,0.0,0.0,0,2008-10-16 04:02:00,4
-5073.5,2958.43,2.8082,967.2998,0.1166,112.2533,2.9691,2.1401,-0.0103,4.3682,618.22,54.7,48.2652,0.129,58.3444,-0.0002,0.0001,0,2008-10-16 04:02:00,4
-6456.25,3020.79,2.0794,1329.7002,0.0701,89.4155,2.8009,2.1154,-0.0136,7.5116,618.2018,70.2,34.1297,0.2208,59.9228,0.0,0.0,0,2008-10-16 04:04:00,4
-4958.0,3031.78,2.597,967.2998,0.0754,130.5133,1.5745,2.1814,-0.0102,7.6319,616.4936,57.6001,84.3941,0.0616,59.9764,0.0,0.0,0,2008-10-16 04:47:00,4
-5083.25,2902.96,1.6356,967.2998,0.0635,110.9244,-2.7673,2.1754,-0.0109,7.6319,628.8845,51.3999,33.9083,0.0637,59.9352,0.0001,0.0,0,2008-10-16 04:50:00,4
-5735.25,3025.21,2.5752,967.2998,0.0635,93.9177,-2.3109,1.8347,-0.0103,4.3682,620.1464,32.3999,50.0652,0.129,58.8254,-0.0002,0.0,0,2008-10-16 04:54:00,4
-6020.75,3072.1,2.2235,1171.7002,0.0765,116.9858,0.0627,1.5887,-0.0099,7.6319,622.6355,21.4001,69.6184,0.0819,56.5933,0.0002,0.0001,0,2008-10-16 05:08:00,4
-6499.0,3012.3,1.2586,668.4004,0.0874,133.3649,5.9345,2.151,-0.0104,4.5876,625.6173,55.5,37.4678,0.1612,58.0278,0.0002,0.0001,0,2008-10-16 05:13:00,4
-5427.75,3076.33,2.0615,433.2002,0.0635,142.9508,-3.1909,2.0831,-0.0104,4.5876,630.3955,55.5,69.4238,0.149,56.8354,-0.0001,0.0001,0,2008-10-16 05:44:00,4
-6424.25,2770.4,1.9857,967.2998,0.0714,120.8525,3.4827,2.1566,-0.0114,4.5876,631.3109,27.2,28.0918,0.2391,58.7007,-0.0001,0.0,0,2008-10-16 05:58:00,4
-5357.0,2951.14,1.87515,1865.2998,0.0735,118.1982,4.6227,2.3919,-0.0134,5.9201,630.3291,74.3,109.6423,0.13895000000000002,59.7028,-0.0002,0.0,0,2008-10-16 15:02:00,4
-5418.75,2899.41,2.9464,526.1006,0.0635,100.7715,2.8182,2.0153,-0.0094,4.3682,627.11,32.3999,44.6402,0.1456,58.3514,0.0,0.0,0,2008-10-16 15:13:00,4
-6408.75,3052.31,2.5246,406.5,0.079,131.2343,-3.3555,2.1814,-0.0116,7.6319,622.1318,59.2,19.9953,0.0702,57.102,-0.0004,0.0001,0,2008-10-16 20:49:00,4
-5153.25,2978.81,1.87515,1089.0996,0.0697,97.2315,1.1664,2.3435,-0.0142,5.9201,617.38,73.4001,43.2736,0.13895000000000002,59.2046,-0.0001,0.0,0,2008-10-17 05:26:00,4
-5271.75,2894.92,2.725,967.2998,0.0582,96.2286,4.4682,1.9098,-0.0087,6.176,632.1418,63.6001,47.1291,0.1187,58.2686,0.0004,0.0001,0,2008-10-17 06:01:00,4
-5319.5,2944.92,1.87515,1213.0996,0.0592,125.9159,1.8718,2.0831,-0.0102,5.9201,633.1973,22.0,67.9605,0.13895000000000002,59.8578,0.0002,0.0,0,2008-10-17 06:07:00,4
