sensor,stability_score,avg_importance
sensor_21,0.4,0.049398846222694755
sensor_0,0.4,0.03825786240837374
sensor_285,0.4,0.024529591080928427
sensor_225,0.4,0.007469766840064238
sensor_290,0.2,0.09891233981847816
sensor_71,0.2,0.08160392112736277
sensor_59,0.2,0.0814862245124961
sensor_571,0.2,0.0758012766630903
sensor_103,0.2,0.07241473459146948
sensor_406,0.2,0.07140811394329492
sensor_70,0.2,0.06833574196223527
sensor_138,0.2,0.06715032537506134
sensor_473,0.2,0.06566222932764224
sensor_287,0.2,0.060732207172594366
sensor_117,0.2,0.055321641790373924
sensor_129,0.2,0.04987526726391132
sensor_346,0.2,0.046833915993057265
sensor_146,0.2,0.04382525366075893
sensor_238,0.2,0.042713340014117945
sensor_292,0.2,0.04214629163903785
sensor_47,0.2,0.035901282189951554
sensor_418,0.2,0.03557897635066387
sensor_216,0.2,0.03503793252193991
sensor_132,0.2,0.034620916439528505
sensor_126,0.2,0.032988273868026614
sensor_317,0.2,0.03287939599500232
sensor_556,0.2,0.03206398059290971
sensor_408,0.2,0.03136236759450235
sensor_301,0.2,0.029053632084354374
sensor_469,0.2,0.026582495667309684
sensor_114,0.2,0.02631553097919349
sensor_76,0.2,0.02593443160385489
sensor_563,0.2,0.025751278781800568
sensor_255,0.2,0.02572283023641591
sensor_120,0.2,0.02532295877543029
sensor_445,0.2,0.024263629645819417
sensor_251,0.2,0.021138064170027827
sensor_115,0.2,0.020853887578992064
sensor_562,0.2,0.01958568273529144
sensor_64,0.2,0.0194445437959374
sensor_181,0.2,0.01767702799174386
sensor_58,0.2,0.01749560463854707
sensor_358,0.2,0.015911461757416378
sensor_37,0.2,0.013860811573151947
sensor_130,0.2,0.013650711250759501
sensor_23,0.2,0.013245034693840224
sensor_131,0.2,0.013076362490589456
sensor_434,0.2,0.012761833554436278
sensor_109,0.2,0.012666670109395447
sensor_542,0.2,0.01262765762471923
sensor_489,0.2,0.012295789751880034
sensor_357,0.2,0.011848225097310976
sensor_107,0.2,0.011012359710485609
sensor_579,0.2,0.010117535542242859
sensor_555,0.2,0.010075533753255022
sensor_2,0.2,0.009716698246477981
sensor_477,0.2,0.00962396160693543
sensor_85,0.2,0.009077424951567211
sensor_567,0.2,0.008329635831353103
sensor_363,0.2,0.00831695347225983
sensor_440,0.2,0.007966698878088107
sensor_33,0.2,0.007612351346099867
sensor_161,0.2,0.007065258764112309
sensor_75,0.2,0.007022489680102344
sensor_588,0.2,0.006746772689472558
sensor_293,0.2,0.006342713399914804
sensor_423,0.2,0.005483664732522297
sensor_541,0.2,0.004912426272343064
sensor_90,0.2,0.004576279175446999
sensor_348,0.2,0.0035694661867775234
sensor_9,0.2,0.003478232454242869
sensor_100,0.2,0.0033089961888827383
sensor_30,0.2,0.002888756180092973
sensor_439,0.2,0.0003815850864345615
sensor_433,0.2,8.28694121310429e-05
sensor_1,0.0,0.0
sensor_3,0.0,0.0
sensor_4,0.0,0.0
sensor_5,0.0,0.0
sensor_6,0.0,0.0
sensor_7,0.0,0.0
sensor_8,0.0,0.0
sensor_10,0.0,0.0
sensor_11,0.0,0.0
sensor_12,0.0,0.0
sensor_13,0.0,0.0
sensor_14,0.0,0.0
sensor_15,0.0,0.0
sensor_16,0.0,0.0
sensor_17,0.0,0.0
sensor_18,0.0,0.0
sensor_19,0.0,0.0
sensor_20,0.0,0.0
sensor_22,0.0,0.0
sensor_24,0.0,0.0
sensor_25,0.0,0.0
sensor_26,0.0,0.0
sensor_27,0.0,0.0
sensor_28,0.0,0.0
sensor_29,0.0,0.0
sensor_31,0.0,0.0
sensor_32,0.0,0.0
sensor_34,0.0,0.0
sensor_35,0.0,0.0
sensor_36,0.0,0.0
sensor_38,0.0,0.0
sensor_39,0.0,0.0
sensor_40,0.0,0.0
sensor_41,0.0,0.0
sensor_42,0.0,0.0
sensor_43,0.0,0.0
sensor_44,0.0,0.0
sensor_45,0.0,0.0
sensor_46,0.0,0.0
sensor_48,0.0,0.0
sensor_49,0.0,0.0
sensor_50,0.0,0.0
sensor_51,0.0,0.0
sensor_52,0.0,0.0
sensor_53,0.0,0.0
sensor_54,0.0,0.0
sensor_55,0.0,0.0
sensor_56,0.0,0.0
sensor_57,0.0,0.0
sensor_60,0.0,0.0
sensor_61,0.0,0.0
sensor_62,0.0,0.0
sensor_63,0.0,0.0
sensor_65,0.0,0.0
sensor_66,0.0,0.0
sensor_67,0.0,0.0
sensor_68,0.0,0.0
sensor_69,0.0,0.0
sensor_72,0.0,0.0
sensor_73,0.0,0.0
sensor_74,0.0,0.0
sensor_77,0.0,0.0
sensor_78,0.0,0.0
sensor_79,0.0,0.0
sensor_80,0.0,0.0
sensor_81,0.0,0.0
sensor_82,0.0,0.0
sensor_83,0.0,0.0
sensor_84,0.0,0.0
sensor_86,0.0,0.0
sensor_87,0.0,0.0
sensor_88,0.0,0.0
sensor_89,0.0,0.0
sensor_91,0.0,0.0
sensor_92,0.0,0.0
sensor_93,0.0,0.0
sensor_94,0.0,0.0
sensor_95,0.0,0.0
sensor_96,0.0,0.0
sensor_97,0.0,0.0
sensor_98,0.0,0.0
sensor_99,0.0,0.0
sensor_101,0.0,0.0
sensor_102,0.0,0.0
sensor_104,0.0,0.0
sensor_105,0.0,0.0
sensor_106,0.0,0.0
sensor_108,0.0,0.0
sensor_110,0.0,0.0
sensor_111,0.0,0.0
sensor_112,0.0,0.0
sensor_113,0.0,0.0
sensor_116,0.0,0.0
sensor_118,0.0,0.0
sensor_119,0.0,0.0
sensor_121,0.0,0.0
sensor_122,0.0,0.0
sensor_123,0.0,0.0
sensor_124,0.0,0.0
sensor_125,0.0,0.0
sensor_127,0.0,0.0
sensor_128,0.0,0.0
sensor_133,0.0,0.0
sensor_134,0.0,0.0
sensor_135,0.0,0.0
sensor_136,0.0,0.0
sensor_137,0.0,0.0
sensor_139,0.0,0.0
sensor_140,0.0,0.0
sensor_141,0.0,0.0
sensor_142,0.0,0.0
sensor_143,0.0,0.0
sensor_144,0.0,0.0
sensor_145,0.0,0.0
sensor_147,0.0,0.0
sensor_148,0.0,0.0
sensor_149,0.0,0.0
sensor_150,0.0,0.0
sensor_151,0.0,0.0
sensor_152,0.0,0.0
sensor_153,0.0,0.0
sensor_154,0.0,0.0
sensor_155,0.0,0.0
sensor_156,0.0,0.0
sensor_157,0.0,0.0
sensor_158,0.0,0.0
sensor_159,0.0,0.0
sensor_160,0.0,0.0
sensor_162,0.0,0.0
sensor_163,0.0,0.0
sensor_164,0.0,0.0
sensor_165,0.0,0.0
sensor_166,0.0,0.0
sensor_167,0.0,0.0
sensor_168,0.0,0.0
sensor_169,0.0,0.0
sensor_170,0.0,0.0
sensor_171,0.0,0.0
sensor_172,0.0,0.0
sensor_173,0.0,0.0
sensor_174,0.0,0.0
sensor_175,0.0,0.0
sensor_176,0.0,0.0
sensor_177,0.0,0.0
sensor_178,0.0,0.0
sensor_179,0.0,0.0
sensor_180,0.0,0.0
sensor_182,0.0,0.0
sensor_183,0.0,0.0
sensor_184,0.0,0.0
sensor_185,0.0,0.0
sensor_186,0.0,0.0
sensor_187,0.0,0.0
sensor_188,0.0,0.0
sensor_189,0.0,0.0
sensor_190,0.0,0.0
sensor_191,0.0,0.0
sensor_192,0.0,0.0
sensor_193,0.0,0.0
sensor_194,0.0,0.0
sensor_195,0.0,0.0
sensor_196,0.0,0.0
sensor_197,0.0,0.0
sensor_198,0.0,0.0
sensor_199,0.0,0.0
sensor_200,0.0,0.0
sensor_201,0.0,0.0
sensor_202,0.0,0.0
sensor_203,0.0,0.0
sensor_204,0.0,0.0
sensor_205,0.0,0.0
sensor_206,0.0,0.0
sensor_207,0.0,0.0
sensor_208,0.0,0.0
sensor_209,0.0,0.0
sensor_210,0.0,0.0
sensor_211,0.0,0.0
sensor_212,0.0,0.0
sensor_213,0.0,0.0
sensor_214,0.0,0.0
sensor_215,0.0,0.0
sensor_217,0.0,0.0
sensor_218,0.0,0.0
sensor_219,0.0,0.0
sensor_220,0.0,0.0
sensor_221,0.0,0.0
sensor_222,0.0,0.0
sensor_223,0.0,0.0
sensor_224,0.0,0.0
sensor_226,0.0,0.0
sensor_227,0.0,0.0
sensor_228,0.0,0.0
sensor_229,0.0,0.0
sensor_230,0.0,0.0
sensor_231,0.0,0.0
sensor_232,0.0,0.0
sensor_233,0.0,0.0
sensor_234,0.0,0.0
sensor_235,0.0,0.0
sensor_236,0.0,0.0
sensor_237,0.0,0.0
sensor_239,0.0,0.0
sensor_240,0.0,0.0
sensor_241,0.0,0.0
sensor_242,0.0,0.0
sensor_243,0.0,0.0
sensor_244,0.0,0.0
sensor_245,0.0,0.0
sensor_246,0.0,0.0
sensor_247,0.0,0.0
sensor_248,0.0,0.0
sensor_249,0.0,0.0
sensor_250,0.0,0.0
sensor_252,0.0,0.0
sensor_253,0.0,0.0
sensor_254,0.0,0.0
sensor_256,0.0,0.0
sensor_257,0.0,0.0
sensor_258,0.0,0.0
sensor_259,0.0,0.0
sensor_260,0.0,0.0
sensor_261,0.0,0.0
sensor_262,0.0,0.0
sensor_263,0.0,0.0
sensor_264,0.0,0.0
sensor_265,0.0,0.0
sensor_266,0.0,0.0
sensor_267,0.0,0.0
sensor_268,0.0,0.0
sensor_269,0.0,0.0
sensor_270,0.0,0.0
sensor_271,0.0,0.0
sensor_272,0.0,0.0
sensor_273,0.0,0.0
sensor_274,0.0,0.0
sensor_275,0.0,0.0
sensor_276,0.0,0.0
sensor_277,0.0,0.0
sensor_278,0.0,0.0
sensor_279,0.0,0.0
sensor_280,0.0,0.0
sensor_281,0.0,0.0
sensor_282,0.0,0.0
sensor_283,0.0,0.0
sensor_284,0.0,0.0
sensor_286,0.0,0.0
sensor_288,0.0,0.0
sensor_289,0.0,0.0
sensor_291,0.0,0.0
sensor_294,0.0,0.0
sensor_295,0.0,0.0
sensor_296,0.0,0.0
sensor_297,0.0,0.0
sensor_298,0.0,0.0
sensor_299,0.0,0.0
sensor_300,0.0,0.0
sensor_302,0.0,0.0
sensor_303,0.0,0.0
sensor_304,0.0,0.0
sensor_305,0.0,0.0
sensor_306,0.0,0.0
sensor_307,0.0,0.0
sensor_308,0.0,0.0
sensor_309,0.0,0.0
sensor_310,0.0,0.0
sensor_311,0.0,0.0
sensor_312,0.0,0.0
sensor_313,0.0,0.0
sensor_314,0.0,0.0
sensor_315,0.0,0.0
sensor_316,0.0,0.0
sensor_318,0.0,0.0
sensor_319,0.0,0.0
sensor_320,0.0,0.0
sensor_321,0.0,0.0
sensor_322,0.0,0.0
sensor_323,0.0,0.0
sensor_324,0.0,0.0
sensor_325,0.0,0.0
sensor_326,0.0,0.0
sensor_327,0.0,0.0
sensor_328,0.0,0.0
sensor_329,0.0,0.0
sensor_330,0.0,0.0
sensor_331,0.0,0.0
sensor_332,0.0,0.0
sensor_333,0.0,0.0
sensor_334,0.0,0.0
sensor_335,0.0,0.0
sensor_336,0.0,0.0
sensor_337,0.0,0.0
sensor_338,0.0,0.0
sensor_339,0.0,0.0
sensor_340,0.0,0.0
sensor_341,0.0,0.0
sensor_342,0.0,0.0
sensor_343,0.0,0.0
sensor_344,0.0,0.0
sensor_345,0.0,0.0
sensor_347,0.0,0.0
sensor_349,0.0,0.0
sensor_350,0.0,0.0
sensor_351,0.0,0.0
sensor_352,0.0,0.0
sensor_353,0.0,0.0
sensor_354,0.0,0.0
sensor_355,0.0,0.0
sensor_356,0.0,0.0
sensor_359,0.0,0.0
sensor_360,0.0,0.0
sensor_361,0.0,0.0
sensor_362,0.0,0.0
sensor_364,0.0,0.0
sensor_365,0.0,0.0
sensor_366,0.0,0.0
sensor_367,0.0,0.0
sensor_368,0.0,0.0
sensor_369,0.0,0.0
sensor_370,0.0,0.0
sensor_371,0.0,0.0
sensor_372,0.0,0.0
sensor_373,0.0,0.0
sensor_374,0.0,0.0
sensor_375,0.0,0.0
sensor_376,0.0,0.0
sensor_377,0.0,0.0
sensor_378,0.0,0.0
sensor_379,0.0,0.0
sensor_380,0.0,0.0
sensor_381,0.0,0.0
sensor_382,0.0,0.0
sensor_383,0.0,0.0
sensor_384,0.0,0.0
sensor_385,0.0,0.0
sensor_386,0.0,0.0
sensor_387,0.0,0.0
sensor_388,0.0,0.0
sensor_389,0.0,0.0
sensor_390,0.0,0.0
sensor_391,0.0,0.0
sensor_392,0.0,0.0
sensor_393,0.0,0.0
sensor_394,0.0,0.0
sensor_395,0.0,0.0
sensor_396,0.0,0.0
sensor_397,0.0,0.0
sensor_398,0.0,0.0
sensor_399,0.0,0.0
sensor_400,0.0,0.0
sensor_401,0.0,0.0
sensor_402,0.0,0.0
sensor_403,0.0,0.0
sensor_404,0.0,0.0
sensor_405,0.0,0.0
sensor_407,0.0,0.0
sensor_409,0.0,0.0
sensor_410,0.0,0.0
sensor_411,0.0,0.0
sensor_412,0.0,0.0
sensor_413,0.0,0.0
sensor_414,0.0,0.0
sensor_415,0.0,0.0
sensor_416,0.0,0.0
sensor_417,0.0,0.0
sensor_419,0.0,0.0
sensor_420,0.0,0.0
sensor_421,0.0,0.0
sensor_422,0.0,0.0
sensor_424,0.0,0.0
sensor_425,0.0,0.0
sensor_426,0.0,0.0
sensor_427,0.0,0.0
sensor_428,0.0,0.0
sensor_429,0.0,0.0
sensor_430,0.0,0.0
sensor_431,0.0,0.0
sensor_432,0.0,0.0
sensor_435,0.0,0.0
sensor_436,0.0,0.0
sensor_437,0.0,0.0
sensor_438,0.0,0.0
sensor_441,0.0,0.0
sensor_442,0.0,0.0
sensor_443,0.0,0.0
sensor_444,0.0,0.0
sensor_446,0.0,0.0
sensor_447,0.0,0.0
sensor_448,0.0,0.0
sensor_449,0.0,0.0
sensor_450,0.0,0.0
sensor_451,0.0,0.0
sensor_452,0.0,0.0
sensor_453,0.0,0.0
sensor_454,0.0,0.0
sensor_455,0.0,0.0
sensor_456,0.0,0.0
sensor_457,0.0,0.0
sensor_458,0.0,0.0
sensor_459,0.0,0.0
sensor_460,0.0,0.0
sensor_461,0.0,0.0
sensor_462,0.0,0.0
sensor_463,0.0,0.0
sensor_464,0.0,0.0
sensor_465,0.0,0.0
sensor_466,0.0,0.0
sensor_467,0.0,0.0
sensor_468,0.0,0.0
sensor_470,0.0,0.0
sensor_471,0.0,0.0
sensor_472,0.0,0.0
sensor_474,0.0,0.0
sensor_475,0.0,0.0
sensor_476,0.0,0.0
sensor_478,0.0,0.0
sensor_479,0.0,0.0
sensor_480,0.0,0.0
sensor_481,0.0,0.0
sensor_482,0.0,0.0
sensor_483,0.0,0.0
sensor_484,0.0,0.0
sensor_485,0.0,0.0
sensor_486,0.0,0.0
sensor_487,0.0,0.0
sensor_488,0.0,0.0
sensor_490,0.0,0.0
sensor_491,0.0,0.0
sensor_492,0.0,0.0
sensor_493,0.0,0.0
sensor_494,0.0,0.0
sensor_495,0.0,0.0
sensor_496,0.0,0.0
sensor_497,0.0,0.0
sensor_498,0.0,0.0
sensor_499,0.0,0.0
sensor_500,0.0,0.0
sensor_501,0.0,0.0
sensor_502,0.0,0.0
sensor_503,0.0,0.0
sensor_504,0.0,0.0
sensor_505,0.0,0.0
sensor_506,0.0,0.0
sensor_507,0.0,0.0
sensor_508,0.0,0.0
sensor_509,0.0,0.0
sensor_510,0.0,0.0
sensor_511,0.0,0.0
sensor_512,0.0,0.0
sensor_513,0.0,0.0
sensor_514,0.0,0.0
sensor_515,0.0,0.0
sensor_516,0.0,0.0
sensor_517,0.0,0.0
sensor_518,0.0,0.0
sensor_519,0.0,0.0
sensor_520,0.0,0.0
sensor_521,0.0,0.0
sensor_522,0.0,0.0
sensor_523,0.0,0.0
sensor_524,0.0,0.0
sensor_525,0.0,0.0
sensor_526,0.0,0.0
sensor_527,0.0,0.0
sensor_528,0.0,0.0
sensor_529,0.0,0.0
sensor_530,0.0,0.0
sensor_531,0.0,0.0
sensor_532,0.0,0.0
sensor_533,0.0,0.0
sensor_534,0.0,0.0
sensor_535,0.0,0.0
sensor_536,0.0,0.0
sensor_537,0.0,0.0
sensor_538,0.0,0.0
sensor_539,0.0,0.0
sensor_540,0.0,0.0
sensor_543,0.0,0.0
sensor_544,0.0,0.0
sensor_545,0.0,0.0
sensor_546,0.0,0.0
sensor_547,0.0,0.0
sensor_548,0.0,0.0
sensor_549,0.0,0.0
sensor_550,0.0,0.0
sensor_551,0.0,0.0
sensor_552,0.0,0.0
sensor_553,0.0,0.0
sensor_554,0.0,0.0
sensor_557,0.0,0.0
sensor_558,0.0,0.0
sensor_559,0.0,0.0
sensor_560,0.0,0.0
sensor_561,0.0,0.0
sensor_564,0.0,0.0
sensor_565,0.0,0.0
sensor_566,0.0,0.0
sensor_568,0.0,0.0
sensor_569,0.0,0.0
sensor_570,0.0,0.0
sensor_572,0.0,0.0
sensor_573,0.0,0.0
sensor_574,0.0,0.0
sensor_575,0.0,0.0
sensor_576,0.0,0.0
sensor_577,0.0,0.0
sensor_578,0.0,0.0
sensor_580,0.0,0.0
sensor_581,0.0,0.0
sensor_582,0.0,0.0
sensor_583,0.0,0.0
sensor_584,0.0,0.0
sensor_585,0.0,0.0
sensor_586,0.0,0.0
sensor_587,0.0,0.0
sensor_589,0.0,0.0
