sensor,variance,pass_mean,fail_mean,overall_std,failure_lift,flagged
sensor_100,1.2592374981763887e-07,-2.7341079972658915e-05,6.538461538461539e-05,0.00035485736545496537,0.2613041305719834,True
sensor_95,1.087301063358982e-08,5.809979494190021e-05,8.365384615384616e-05,0.0001042737293549522,0.24506701131748032,True
sensor_104,7.227811886441378e-07,-5.809979494190019e-06,-0.00013846153846153847,0.0008501653889944813,0.15603029796853976,False
sensor_278,1.1496032066218893e-07,0.0011205741626794258,0.0010721153846153845,0.00033905799011701364,0.14292179944592218,False
sensor_377,2.1738802618828148e-07,0.001574982911825017,0.0015096153846153846,0.0004662488886724358,0.14019878394939483,False
sensor_101,4.8549497498290494e-08,-5.741626794258376e-06,-2.7884615384615386e-05,0.00022033950507861837,0.10049486397119875,False
sensor_544,8.72311426361555e-08,0.0025075871496924125,0.002533653846153846,0.0002953491876341553,0.08825721401245915,False
sensor_220,5.769433808409559e-07,0.008992276144907723,0.008926442307692307,0.0007595678908701683,0.08667274908105506,False
sensor_376,2.8516533940361595e-07,0.001597881066302119,0.0016423076923076925,0.0005340087446883393,0.08319456647007156,False
sensor_357,2.490767921718783e-07,0.0009961722488038278,0.001025,0.0004990759382818193,0.05776225416800947,False
sensor_358,2.261172115495114e-08,0.0024064251537935745,0.0024028846153846153,0.00015037194271190068,0.023545206273902403,False
sensor_94,3.020999037459219e-08,-2.891319207108681e-05,-3.076923076923078e-05,0.00017381021366591834,0.010678536427735332,False
sensor_141,0.0,0.0,0.0,0.0,0.0,False
sensor_52,0.0,0.0,0.0,0.0,0.0,False
sensor_42,0.0,70.0,70.0,0.0,0.0,False
sensor_97,0.0,0.0,0.0,0.0,0.0,False
sensor_179,0.0,0.0,0.0,0.0,0.0,False
sensor_186,0.0,0.0,0.0,0.0,0.0,False
sensor_190,0.0,0.0,0.0,0.0,0.0,False
sensor_189,0.0,0.0,0.0,0.0,0.0,False
sensor_191,0.0,0.0,0.0,0.0,0.0,False
sensor_192,0.0,0.0,0.0,0.0,0.0,False
sensor_193,0.0,0.0,0.0,0.0,0.0,False
sensor_194,0.0,0.0,0.0,0.0,0.0,False
sensor_226,0.0,0.0,0.0,0.0,0.0,False
sensor_229,0.0,0.0,0.0,0.0,0.0,False
sensor_230,0.0,0.0,0.0,0.0,0.0,False
sensor_231,0.0,0.0,0.0,0.0,0.0,False
sensor_232,0.0,0.0,0.0,0.0,0.0,False
sensor_69,0.0,1.0,1.0,0.0,0.0,False
sensor_5,0.0,100.0,100.0,0.0,0.0,False
sensor_49,0.0,1.0,1.0,0.0,0.0,False
sensor_235,0.0,0.0,0.0,0.0,0.0,False
sensor_234,0.0,0.0,0.0,0.0,0.0,False
sensor_233,0.0,0.0,0.0,0.0,0.0,False
sensor_236,0.0,0.0,0.0,0.0,0.0,False
sensor_242,0.0,0.0,0.0,0.0,0.0,False
sensor_237,0.0,0.0,0.0,0.0,0.0,False
sensor_240,0.0,0.0,0.0,0.0,0.0,False
sensor_241,0.0,0.0,0.0,0.0,0.0,False
sensor_258,0.0,0.0,0.0,0.0,0.0,False
sensor_259,0.0,0.0,0.0,0.0,0.0,False
sensor_260,0.0,0.0,0.0,0.0,0.0,False
sensor_261,0.0,0.0,0.0,0.0,0.0,False
sensor_262,0.0,0.0,0.0,0.0,0.0,False
sensor_243,0.0,0.0,0.0,0.0,0.0,False
sensor_256,0.0,0.0,0.0,0.0,0.0,False
sensor_257,0.0,0.0,0.0,0.0,0.0,False
sensor_265,0.0,0.0,0.0,0.0,0.0,False
sensor_264,0.0,0.0,0.0,0.0,0.0,False
sensor_263,0.0,0.0,0.0,0.0,0.0,False
sensor_266,0.0,0.0,0.0,0.0,0.0,False
sensor_313,0.0,0.0,0.0,0.0,0.0,False
sensor_314,0.0,0.0,0.0,0.0,0.0,False
sensor_276,0.0,0.0,0.0,0.0,0.0,False
sensor_284,0.0,0.0,0.0,0.0,0.0,False
sensor_322,0.0,0.0,0.0,0.0,0.0,False
sensor_315,0.0,0.0,0.0,0.0,0.0,False
sensor_325,0.0,0.0,0.0,0.0,0.0,False
sensor_326,0.0,0.0,0.0,0.0,0.0,False
sensor_328,0.0,0.0,0.0,0.0,0.0,False
sensor_149,0.0,0.0,0.0,0.0,0.0,False
sensor_178,0.0,0.0,0.0,0.0,0.0,False
sensor_13,0.0,0.0,0.0,0.0,0.0,False
sensor_329,0.0,0.0,0.0,0.0,0.0,False
sensor_330,0.0,0.0,0.0,0.0,0.0,False
sensor_327,0.0,0.0,0.0,0.0,0.0,False
sensor_364,0.0,0.0,0.0,0.0,0.0,False
sensor_372,0.0,0.0,0.0,0.0,0.0,False
sensor_373,0.0,0.0,0.0,0.0,0.0,False
sensor_370,0.0,0.0,0.0,0.0,0.0,False
sensor_369,0.0,0.0,0.0,0.0,0.0,False
sensor_375,0.0,0.0,0.0,0.0,0.0,False
sensor_374,0.0,0.0,0.0,0.0,0.0,False
sensor_378,0.0,0.0,0.0,0.0,0.0,False
sensor_379,0.0,0.0,0.0,0.0,0.0,False
sensor_380,0.0,0.0,0.0,0.0,0.0,False
sensor_381,0.0,0.0,0.0,0.0,0.0,False
sensor_394,0.0,0.0,0.0,0.0,0.0,False
sensor_371,0.0,0.0,0.0,0.0,0.0,False
sensor_396,0.0,0.0,0.0,0.0,0.0,False
sensor_397,0.0,0.0,0.0,0.0,0.0,False
sensor_398,0.0,0.0,0.0,0.0,0.0,False
sensor_399,0.0,0.0,0.0,0.0,0.0,False
sensor_400,0.0,0.0,0.0,0.0,0.0,False
sensor_401,0.0,0.0,0.0,0.0,0.0,False
sensor_402,0.0,0.0,0.0,0.0,0.0,False
sensor_403,0.0,0.0,0.0,0.0,0.0,False
sensor_404,0.0,0.0,0.0,0.0,0.0,False
sensor_414,0.0,0.0,0.0,0.0,0.0,False
sensor_422,0.0,0.0,0.0,0.0,0.0,False
sensor_449,0.0,0.0,0.0,0.0,0.0,False
sensor_450,0.0,0.0,0.0,0.0,0.0,False
sensor_451,0.0,0.0,0.0,0.0,0.0,False
sensor_458,0.0,0.0,0.0,0.0,0.0,False
sensor_395,0.0,0.0,0.0,0.0,0.0,False
sensor_461,0.0,0.0,0.0,0.0,0.0,False
sensor_462,0.0,0.0,0.0,0.0,0.0,False
sensor_464,0.0,0.0,0.0,0.0,0.0,False
sensor_463,0.0,0.0,0.0,0.0,0.0,False
sensor_466,0.0,0.0,0.0,0.0,0.0,False
sensor_481,0.0,0.0,0.0,0.0,0.0,False
sensor_498,0.0,0.0,0.0,0.0,0.0,False
sensor_465,0.0,0.0,0.0,0.0,0.0,False
sensor_502,0.0,0.0,0.0,0.0,0.0,False
sensor_503,0.0,0.0,0.0,0.0,0.0,False
sensor_504,0.0,0.0,0.0,0.0,0.0,False
sensor_505,0.0,0.0,0.0,0.0,0.0,False
sensor_506,0.0,0.0,0.0,0.0,0.0,False
sensor_507,0.0,0.0,0.0,0.0,0.0,False
sensor_508,0.0,0.0,0.0,0.0,0.0,False
sensor_501,0.0,0.0,0.0,0.0,0.0,False
sensor_509,0.0,0.0,0.0,0.0,0.0,False
sensor_512,0.0,0.0,0.0,0.0,0.0,False
sensor_514,0.0,0.0,0.0,0.0,0.0,False
sensor_513,0.0,0.0,0.0,0.0,0.0,False
sensor_528,0.0,0.0,0.0,0.0,0.0,False
sensor_529,0.0,0.0,0.0,0.0,0.0,False
sensor_530,0.0,0.0,0.0,0.0,0.0,False
sensor_515,0.0,0.0,0.0,0.0,0.0,False
sensor_531,0.0,0.0,0.0,0.0,0.0,False
sensor_532,0.0,0.0,0.0,0.0,0.0,False
sensor_534,0.0,0.0,0.0,0.0,0.0,False
sensor_533,0.0,0.0,0.0,0.0,0.0,False
sensor_535,0.0,0.0,0.0,0.0,0.0,False
sensor_536,0.0,0.0,0.0,0.0,0.0,False
sensor_537,0.0,0.0,0.0,0.0,0.0,False
sensor_538,0.0,0.0,0.0,0.0,0.0,False
